,Unnamed: 0,Website,Connection Establishment Time,RTT,Initial Response,Latency,Page Load Time,Dependency Load Time,Page Size,IP,City,Country,WASM RTT,WASM Durations,WASM Sizes,Website Type
17,17,espn.com,132.813692092896,45.5982685089111,287.0,22.7991342544556,10651.0,2606.0,1154250.0,31.171.155.229,Tirana,Albania,0,7016,21212071,Other
23,23,gsmarena.com,160.502910614014,50.5039691925049,83.0,25.2519845962524,2178.0,1091.0,63454.0,31.171.155.229,Tirana,Albania,0,633,1510139,Other
25,25,cricbuzz.com,503.12066078186,45.5641746520996,306.0,22.7820873260498,30910.0,538.0,145788.0,31.171.155.229,Tirana,Albania,0,7882,20940904,Other
26,26,timeanddate.com,323.68540763855,45.7432270050049,99.0,22.8716135025024,23064.0,509.0,69419.0,31.171.155.229,Tirana,Albania,0,4077,5578517,Other
41,41,pornhub.com,175.182104110718,45.2835559844971,473.0,22.6417779922485,3804.0,1999.0,677564.0,31.171.155.229,Tirana,Albania,0,1918,5411757,Other
45,46,steampowered.com,151.555061340332,49.7267246246338,61.0,24.8633623123169,2625.0,1638.0,508342.0,31.171.155.229,Tirana,Albania,0,552,1510139,Other
50,51,cnbc.com,468.749284744263,74.7432708740234,191.0,37.3716354370117,1334.0,598.0,2187719.0,31.171.155.229,Tirana,Albania,0,152,47939,News Websites
53,54,flashscore.com,136.200428009033,46.5376377105713,99.0,23.2688188552856,1396.0,1131.0,299340.0,31.171.155.229,Tirana,Albania,0,315,292506,Other
77,80,hotels.com,164.811134338379,45.81618309021,407.0,22.908091545105,3819.0,2952.0,897351.0,31.171.155.229,Tirana,Albania,0,184,27693,Other
87,91,akc.org,174.628019332886,45.9909439086914,64.0,22.9954719543457,5092.0,569.0,600769.0,31.171.155.229,Tirana,Albania,0,38287,48093736,Other
106,112,cambridge.org,846.577882766724,241.624116897583,482.0,120.812058448792,6078.0,3474.0,285853.0,103.50.33.167,Buenos Aires,Argentina,0,2574,586586,Educational Websites
117,123,gsmarena.com,922.300338745117,250.420570373535,484.0,125.210285186768,82356.0,5378.0,83174.0,103.50.33.167,Buenos Aires,Argentina,0,247234,24274437,Other
191,203,imdb.com,1359.64703559875,209.656000137329,2015.0,104.828000068665,18981.0,5270.0,947455.0,103.107.196.228,Perth,Australia,0,34769,2995089,Entertainment Websites
200,212,cambridge.org,650.634765625,210.118055343628,680.0,105.059027671814,6199.0,3722.0,285854.0,103.107.196.228,Perth,Australia,0,2432,586586,Educational Websites
211,223,gsmarena.com,831.522464752197,209.03468132019,414.0,104.517340660095,6017.0,4082.0,62980.0,103.107.196.228,Perth,Australia,0,1859,1510139,Other
230,242,ytmp3.cc,799.151182174683,209.770679473877,319.0,104.885339736938,8203.0,4729.0,164351.0,103.107.196.228,Perth,Australia,0,18898,12589059,Other
233,246,steampowered.com,752.465724945068,209.437370300293,412.0,104.718685150146,7006.0,3803.0,517558.0,103.107.196.228,Perth,Australia,0,1910,1510139,Other
238,251,cnbc.com,1148.19097518921,210.350036621094,479.0,105.175018310547,4677.0,2275.0,2187774.0,103.107.196.228,Perth,Australia,0,652,47939,News Websites
294,312,cambridge.org,119.921207427979,26.3805389404297,165.0,13.1902694702148,1694.0,1118.0,166433.0,86.48.7.129,Vienna,Austria,0,219,293293,Educational Websites
299,317,espn.com,63.8842582702637,27.0326137542725,376.0,13.5163068771362,5306.0,2235.0,820642.0,86.48.7.129,Vienna,Austria,0,1984,8955740,Other
305,323,gsmarena.com,88.1409645080566,24.7023105621338,39.0,12.3511552810669,1155.0,774.0,63130.0,86.48.7.129,Vienna,Austria,0,330,1510139,Other
309,327,webmd.com,371.27423286438,23.7629413604736,86.0,11.8814706802368,6604.0,1001.0,417527.0,86.48.7.129,Vienna,Austria,0,611,320731,Health and Medical Websites
324,342,ytmp3.cc,631.582975387573,56.506872177124,197.0,28.253436088562,3014.0,1441.0,164403.0,86.48.7.129,Vienna,Austria,0,5805,11855185,Other
325,344,nih.gov,413.21063041687,23.8556861877441,201.0,11.9278430938721,2204.0,764.0,81225.0,86.48.7.129,Vienna,Austria,0,4577,9234263,Health and Medical Websites
335,354,flashscore.com,82.5629234313965,38.8455390930176,57.0,19.4227695465088,1185.0,922.0,299338.0,86.48.7.129,Vienna,Austria,0,600,1060619,Other
342,361,vocabulary.com,92.6017761230469,23.0650901794434,433.0,11.5325450897217,2792.0,2411.0,45239.0,86.48.7.129,Vienna,Austria,0,526,2989452,Other
348,368,xhamster.com,95.367431640625,26.3864994049072,799.0,13.1932497024536,3286.0,2135.0,290257.0,86.48.7.129,Vienna,Austria,0,1759,4499591,Other
367,389,nba.com,451.300859451294,27.2610187530518,1600.0,13.6305093765259,5437.0,2338.0,505551.0,86.48.7.129,Vienna,Austria,0,2449,6171802,Other
382,406,pinterest.com,60.2593421936035,22.0475196838379,255.0,11.0237598419189,1039.0,1033.0,259687.0,185.245.254.159,Brussels,Belgium,0,367,657028,Social Media Sites
383,407,yelp.com,111.925601959229,35.15625,944.0,17.578125,7540.0,7314.0,132864.0,185.245.254.159,Brussels,Belgium,0,3877,305220,Other
388,412,cambridge.org,239.840984344482,68.2640075683594,205.0,34.1320037841797,4256.0,2529.0,286057.0,185.245.254.159,Brussels,Belgium,0,2338,586586,Educational Websites
393,417,espn.com,64.6026134490967,21.9175815582275,147.0,10.9587907791138,2555.0,2021.0,456572.0,185.245.254.159,Brussels,Belgium,0,756,2684502,Other
394,418,linkedin.com,94.2025184631348,22.8900909423828,391.0,11.4450454711914,926.0,604.0,145146.0,185.245.254.159,Brussels,Belgium,0,1132,6265668,Social Media Sites
399,423,gsmarena.com,81.4812183380127,22.8216648101807,56.0,11.4108324050903,1475.0,758.0,63380.0,185.245.254.159,Brussels,Belgium,0,370,1510139,Other
402,426,timeanddate.com,297.942876815796,22.836446762085,60.0,11.4182233810425,836.0,337.0,65769.0,185.245.254.159,Brussels,Belgium,0,389,1056096,Other
413,437,xvideos.com,120.066404342651,22.9003429412842,109.0,11.4501714706421,1256.0,787.0,134643.0,185.245.254.159,Brussels,Belgium,0,177,17522,Other
420,445,tiktok.com,60.0576400756836,24.2667198181152,1722.0,12.1333599090576,3704.0,3164.0,585783.0,185.245.254.159,Brussels,Belgium,0,294,1049746,Other
429,454,flashscore.com,80.1365375518799,22.9251384735107,44.0,11.4625692367554,856.0,719.0,299367.0,185.245.254.159,Brussels,Belgium,0,828,2572526,Other
436,461,vocabulary.com,63.7857913970947,22.6104259490967,402.0,11.3052129745483,2908.0,2339.0,45283.0,185.245.254.159,Brussels,Belgium,0,3528,10463082,Other
441,467,booking.com,67.1713352203369,22.7293968200684,311.0,11.3646984100342,1485.0,1174.0,583378.0,185.245.254.159,Brussels,Belgium,0,688,305220,Other
458,486,realtor.com,621.9801902771,25.935173034668,495.0,12.967586517334,15097.0,1065.0,953920.0,185.245.254.159,Brussels,Belgium,0,49634,41516441,Other
477,507,yelp.com,157.454967498779,42.4327850341797,534.0,21.2163925170898,1957.0,1950.0,108942.0,185.212.111.170,Sarajevo,Bosnia_And_Herzegovina,0,1124,6265668,Other
482,512,cambridge.org,202.362775802612,44.945240020752,164.0,22.472620010376,1788.0,1130.0,285555.0,185.212.111.170,Sarajevo,Bosnia_And_Herzegovina,0,278,293293,Educational Websites
487,517,espn.com,130.887508392334,44.4703102111816,415.0,22.2351551055908,14422.0,2854.0,810228.0,185.212.111.170,Sarajevo,Bosnia_And_Herzegovina,0,21248,31531483,Other
493,523,gsmarena.com,155.471324920654,60.1673126220703,73.0,30.0836563110352,2626.0,1224.0,63457.0,185.212.111.170,Sarajevo,Bosnia_And_Herzegovina,0,816,1510139,Other
494,524,mayoclinic.org,568.01962852478,169.141292572021,241.0,84.5706462860107,6205.0,1316.0,557808.0,185.212.111.170,Sarajevo,Bosnia_And_Herzegovina,0,5433,11002066,Health and Medical Websites
496,526,timeanddate.com,332.128047943115,42.4206256866455,90.0,21.2103128433228,14772.0,666.0,68039.0,185.212.111.170,Sarajevo,Bosnia_And_Herzegovina,0,7444,9989152,Other
498,528,thesaurus.com,284.212827682495,42.4172878265381,122.0,21.208643913269,7989.0,1031.0,242265.0,185.212.111.170,Sarajevo,Bosnia_And_Herzegovina,0,6776,16069595,Other
512,542,ytmp3.cc,663.074970245361,44.2159175872803,220.0,22.1079587936401,4494.0,3004.0,164403.0,185.212.111.170,Sarajevo,Bosnia_And_Herzegovina,0,922,3020278,Other
515,546,steampowered.com,185.627460479736,42.8175926208496,67.0,21.4087963104248,3332.0,1904.0,518860.0,185.212.111.170,Sarajevo,Bosnia_And_Herzegovina,0,463,1510139,Other
520,551,cnbc.com,440.547227859497,61.4752769470215,170.0,30.7376384735107,2538.0,727.0,2186738.0,185.212.111.170,Sarajevo,Bosnia_And_Herzegovina,0,156,47939,News Websites
530,561,vocabulary.com,138.226747512817,42.6065921783447,472.0,21.3032960891724,2454.0,1819.0,44538.0,185.212.111.170,Sarajevo,Bosnia_And_Herzegovina,0,1486,3281958,Other
531,562,mcdonalds.com,339.05816078186,47.3637580871582,98.0,23.6818790435791,2911.0,1488.0,265458.0,185.212.111.170,Sarajevo,Bosnia_And_Herzegovina,0,808,3132877,Other
536,568,xhamster.com,133.527755737305,43.1888103485107,694.0,21.5944051742554,4178.0,2282.0,329849.0,185.212.111.170,Sarajevo,Bosnia_And_Herzegovina,0,1966,3144906,Other
547,580,hotels.com,162.353277206421,43.3390140533447,486.0,21.6695070266724,3282.0,2368.0,899610.0,185.212.111.170,Sarajevo,Bosnia_And_Herzegovina,0,172,27693,Other
548,581,globo.com,660.770177841187,42.4017906188965,381.0,21.2008953094482,17070.0,4829.0,967854.0,185.212.111.170,Sarajevo,Bosnia_And_Herzegovina,0,5759,14037625,Other
551,585,expedia.com,153.045415878296,42.5736904144287,1105.0,21.2868452072144,11648.0,3766.0,1470598.0,185.212.111.170,Sarajevo,Bosnia_And_Herzegovina,0,4066,11807125,Other
555,589,nba.com,487.179756164551,42.3552989959717,679.0,21.1776494979858,4173.0,1783.0,446984.0,185.212.111.170,Sarajevo,Bosnia_And_Herzegovina,0,1720,7473630,Other
567,603,imdb.com,1221.91071510315,225.841045379639,1528.0,112.920522689819,24554.0,4996.0,839521.0,193.19.205.204,São Paulo,Brazil,0,14830,254853,Entertainment Websites
576,612,cambridge.org,718.536615371704,224.236965179443,668.0,112.118482589722,5782.0,3589.0,286060.0,193.19.205.204,São Paulo,Brazil,0,1224,293293,Educational Websites
590,626,timeanddate.com,695.301055908203,418.635129928589,391.0,209.317564964294,27021.0,2165.0,70485.0,193.19.205.204,São Paulo,Brazil,0,100638,21656192,Other
616,653,roblox.com,806.637763977051,448.490619659424,500.0,224.245309829712,7178.0,5738.0,96955.0,193.19.205.204,São Paulo,Brazil,0,10979,332914,Gaming Websites
617,654,flashscore.com,460.503578186035,263.439178466797,230.0,131.719589233398,3844.0,2615.0,299367.0,193.19.205.204,São Paulo,Brazil,0,1678,768113,Other
630,668,xhamster.com,466.783761978149,225.198745727539,871.0,112.59937286377,9735.0,4887.0,338916.0,193.19.205.204,São Paulo,Brazil,0,8596,7334328,Other
661,703,imdb.com,474.287986755371,75.8919715881348,1357.0,37.9459857940674,4371.0,2251.0,695882.0,37.46.117.185,Sofia,Bulgaria,0,202,1942,Entertainment Websites
665,707,yelp.com,142.428398132324,38.5982990264893,1160.0,19.2991495132446,3359.0,3351.0,110620.0,37.46.117.185,Sofia,Bulgaria,0,240,305220,Other
670,712,cambridge.org,124.94945526123,38.5699272155762,226.0,19.2849636077881,1944.0,1299.0,286058.0,37.46.117.185,Sofia,Bulgaria,0,694,586586,Educational Websites
675,717,espn.com,83.9889049530029,41.8977737426758,541.0,20.9488868713379,7579.0,2821.0,546292.0,37.46.117.185,Sofia,Bulgaria,0,1478,7462724,Other
683,725,cricbuzz.com,403.324842453003,37.8932952880859,97.0,18.946647644043,7919.0,436.0,146799.0,37.46.117.185,Sofia,Bulgaria,0,4153,11504875,Other
684,726,timeanddate.com,306.453227996826,38.3248329162598,82.0,19.1624164581299,1184.0,552.0,65723.0,37.46.117.185,Sofia,Bulgaria,0,1239,2403767,Other
694,736,thefreedictionary.com,382.483005523682,38.7043952941895,244.0,19.3521976470947,5191.0,1433.0,191835.0,37.46.117.185,Sofia,Bulgaria,0,5991,18967090,Educational Websites
699,741,pornhub.com,142.983198165894,39.5281314849854,291.0,19.7640657424927,2246.0,1348.0,670588.0,37.46.117.185,Sofia,Bulgaria,0,555,1510139,Other
713,756,adobe.com,313.331604003906,38.0780696868896,295.0,19.0390348434448,2431.0,1383.0,317327.0,37.46.117.185,Sofia,Bulgaria,0,226,305220,Other
718,761,vocabulary.com,87.7485275268555,38.3758544921875,571.0,19.1879272460938,2748.0,2147.0,44538.0,37.46.117.185,Sofia,Bulgaria,0,1236,4484178,Other
719,762,mcdonalds.com,296.117305755615,39.1511917114258,103.0,19.5755958557129,2342.0,1295.0,265420.0,37.46.117.185,Sofia,Bulgaria,0,1134,3134753,Other
724,768,xhamster.com,83.1854343414307,39.9899482727051,408.0,19.9949741363525,3260.0,1774.0,323005.0,37.46.117.185,Sofia,Bulgaria,0,1613,4499591,Other
738,784,wellsfargo.com,163.841009140015,38.2564067840576,77.0,19.1282033920288,1850.0,1121.0,131776.0,37.46.117.185,Sofia,Bulgaria,0,611,2369161,Other
743,789,nba.com,419.496059417725,38.7406349182129,434.0,19.3703174591064,3243.0,1348.0,484763.0,37.46.117.185,Sofia,Bulgaria,0,1890,7473630,Other
745,791,akc.org,194.244861602783,38.7670993804932,69.0,19.3835496902466,8105.0,507.0,601031.0,37.46.117.185,Sofia,Bulgaria,0,29036,48866928,Other
750,798,www2.hm.com,185.790538787842,38.2187366485596,242.0,19.1093683242798,2073.0,1562.0,817024.0,37.46.117.185,Sofia,Bulgaria,0,184,305220,Other
758,806,pinterest.com,222.203731536865,105.634927749634,345.0,52.8174638748169,1721.0,1715.0,259161.0,185.199.101.113,Montréal,Canada,0,335,36841,Social Media Sites
764,812,cambridge.org,326.867818832397,106.019020080566,327.0,53.0095100402832,2821.0,1544.0,286057.0,185.199.101.113,Montréal,Canada,0,1202,586586,Educational Websites
794,842,ytmp3.cc,1094.01059150696,105.380535125732,365.0,52.6902675628662,4227.0,2362.0,164266.0,185.199.101.113,Montréal,Canada,0,9766,12589059,Other
797,846,steampowered.com,403.633832931519,106.000661849976,112.0,53.0003309249878,3401.0,1821.0,512700.0,185.199.101.113,Montréal,Canada,0,1443,1510139,Other
805,854,flashscore.com,223.620653152466,105.919599533081,134.0,52.9597997665405,1980.0,1404.0,298162.0,185.199.101.113,Montréal,Canada,0,839,768113,Other
818,868,xhamster.com,219.670057296753,106.042146682739,609.0,53.0210733413696,4851.0,2661.0,324955.0,185.199.101.113,Montréal,Canada,0,3118,3589810,Other
858,912,cambridge.org,798.790454864502,266.320466995239,713.0,133.16023349762,7766.0,4462.0,285853.0,85.190.229.75,Santiago,Chile,0,3056,586586,Educational Websites
891,946,steampowered.com,560.283660888672,220.779895782471,223.0,110.389947891235,7543.0,3385.0,508759.0,85.190.229.75,Santiago,Chile,0,1983,1510139,Other
952,1012,cambridge.org,730.251550674439,178.707361221313,493.0,89.3536806106567,4910.0,2777.0,286057.0,185.216.73.70,Bogotá,Colombia,0,2106,586586,Educational Websites
963,1023,gsmarena.com,730.230093002319,179.63433265686,350.0,89.8171663284302,43134.0,3834.0,93024.0,185.216.73.70,Bogotá,Colombia,0,263356,28249072,Other
985,1046,steampowered.com,368.066310882568,178.422451019287,176.0,89.2112255096436,6011.0,3009.0,515905.0,185.216.73.70,Bogotá,Colombia,0,1646,1510139,Other
1017,1080,hotels.com,366.584062576294,179.256439208984,722.0,89.6282196044922,24780.0,4988.0,920054.0,185.216.73.70,Bogotá,Colombia,0,17723,19162574,Other
1018,1081,globo.com,617.226123809814,178.987264633179,307.0,89.4936323165894,15610.0,4405.0,1035265.0,185.216.73.70,Bogotá,Colombia,0,22649,25998190,Other
1040,1106,pinterest.com,442.650556564331,181.157827377319,502.0,90.5789136886597,3370.0,3363.0,260605.0,179.48.248.45,San José,Costa_Rica,0,556,36841,Social Media Sites
1041,1107,yelp.com,473.106384277344,179.951906204224,660.0,89.9759531021118,3849.0,3844.0,109417.0,179.48.248.45,San José,Costa_Rica,0,3126,1802645,Other
1046,1112,cambridge.org,672.041177749634,181.397199630737,488.0,90.6985998153687,6813.0,3173.0,285858.0,179.48.248.45,San José,Costa_Rica,0,1028,293293,Educational Websites
1057,1123,gsmarena.com,728.78885269165,178.549766540527,367.0,89.2748832702637,6880.0,3889.0,64246.0,179.48.248.45,San José,Costa_Rica,0,3035,2566235,Other
1060,1126,timeanddate.com,500.092744827271,179.872989654541,298.0,89.9364948272705,23710.0,1911.0,68191.0,179.48.248.45,San José,Costa_Rica,0,48929,15357391,Other
1079,1146,steampowered.com,513.407230377197,212.197542190552,228.0,106.098771095276,11056.0,3391.0,514760.0,179.48.248.45,San José,Costa_Rica,0,8046,1510139,Other
1121,1191,akc.org,712.753772735596,178.332090377808,259.0,89.1660451889038,17283.0,1990.0,600784.0,179.48.248.45,San José,Costa_Rica,0,90092,53796965,Other
1133,1205,merriam-webster.com,110.894918441772,34.4502925872803,110.0,17.2251462936401,2424.0,600.0,267588.0,193.160.118.107,Zagreb,Croatia,0,2177,6457554,Educational Websites
1140,1212,cambridge.org,146.08907699585,35.6907844543457,148.0,17.8453922271729,1567.0,904.0,286058.0,193.160.118.107,Zagreb,Croatia,0,201,293293,Educational Websites
1141,1213,britannica.com,452.662229537964,38.4953022003174,251.0,19.2476511001587,15168.0,837.0,152537.0,193.160.118.107,Zagreb,Croatia,0,4796,11941440,Educational Websites
1145,1217,espn.com,109.066486358643,34.8737239837646,562.0,17.4368619918823,16509.0,3065.0,652255.0,193.160.118.107,Zagreb,Croatia,0,3445,14833052,Other
1154,1226,timeanddate.com,299.697160720825,35.0713729858398,91.0,17.5356864929199,1817.0,496.0,65639.0,193.160.118.107,Zagreb,Croatia,0,459,1056096,Other
1164,1236,thefreedictionary.com,627.082586288452,36.2775325775146,239.0,18.1387662887573,3533.0,1482.0,1422629.0,193.160.118.107,Zagreb,Croatia,0,1461,4489821,Educational Websites
1170,1242,ytmp3.cc,920.686960220337,35.0925922393799,399.0,17.5462961196899,5082.0,4013.0,164972.0,193.160.118.107,Zagreb,Croatia,0,2105,7473630,Other
1178,1251,cnbc.com,380.075216293335,34.3122482299805,152.0,17.1561241149902,1043.0,491.0,2314847.0,193.160.118.107,Zagreb,Croatia,0,280,353159,News Websites
1181,1254,flashscore.com,125.63967704773,34.7874164581299,67.0,17.3937082290649,1094.0,859.0,298162.0,193.160.118.107,Zagreb,Croatia,0,293,292506,Other
1184,1257,speedtest.net,150.554895401001,35.3639125823975,170.0,17.6819562911987,2038.0,689.0,153384.0,193.160.118.107,Zagreb,Croatia,0,536,1510139,Other
1188,1261,vocabulary.com,80.0371170043945,34.2986583709717,483.0,17.1493291854858,2163.0,1670.0,44538.0,193.160.118.107,Zagreb,Croatia,0,343,1494726,Other
1193,1267,booking.com,94.6338176727295,36.1096858978271,376.0,18.0548429489136,1434.0,1276.0,561045.0,193.160.118.107,Zagreb,Croatia,0,285,305220,Other
1194,1268,xhamster.com,74.8002529144287,34.8079204559326,422.0,17.4039602279663,3346.0,1695.0,333913.0,193.160.118.107,Zagreb,Croatia,0,572,1510139,Other
1208,1284,wellsfargo.com,140.729665756226,36.0426902770996,45.0,18.0213451385498,2533.0,1907.0,131991.0,193.160.118.107,Zagreb,Croatia,0,658,2369161,Other
1229,1307,yelp.com,300.54783821106,70.1406002044678,1015.0,35.0703001022339,4532.0,4334.0,111697.0,193.19.204.134,Nicosia,Cyprus,0,483,305220,Other
1234,1312,cambridge.org,229.073286056519,71.0854530334473,232.0,35.5427265167236,3191.0,1872.0,286060.0,193.19.204.134,Nicosia,Cyprus,0,780,586586,Educational Websites
1239,1317,espn.com,260.358810424805,69.8924064636231,344.0,34.9462032318115,8606.0,3584.0,1727150.0,193.19.204.134,Nicosia,Cyprus,0,2451,7310249,Other
1245,1323,gsmarena.com,288.467407226562,70.2016353607178,126.0,35.1008176803589,4208.0,1748.0,78583.0,193.19.204.134,Nicosia,Cyprus,0,731,1510139,Other
1252,1330,rottentomatoes.com,456.74991607666,69.746732711792,142.0,34.873366355896,4835.0,1584.0,530551.0,193.19.204.134,Nicosia,Cyprus,0,526,305220,Entertainment Websites
1272,1351,cnbc.com,523.356676101685,71.1004734039307,218.0,35.5502367019653,2013.0,796.0,2315203.0,193.19.204.134,Nicosia,Cyprus,0,1507,1695410,News Websites
1275,1354,flashscore.com,222.430229187012,71.0971355438232,125.0,35.5485677719116,11069.0,10899.0,299359.0,193.19.204.134,Nicosia,Cyprus,0,1468,1084016,Other
1282,1361,vocabulary.com,150.163173675537,70.5180168151856,641.0,35.2590084075928,3374.0,2394.0,45283.0,193.19.204.134,Nicosia,Cyprus,0,681,1494726,Other
1288,1368,xhamster.com,154.953002929688,70.3768730163574,397.0,35.1884365081787,4311.0,2330.0,319261.0,193.19.204.134,Nicosia,Cyprus,0,2315,4499591,Other
1291,1372,spanishdict.com,418.065786361694,72.3772048950195,251.0,36.1886024475098,2758.0,649.0,267058.0,193.19.204.134,Nicosia,Cyprus,0,2274,2684579,Other
1300,1381,globo.com,662.464618682861,70.5931186676025,346.0,35.2965593338013,22326.0,5340.0,1175334.0,193.19.204.134,Nicosia,Cyprus,0,6640,13579068,Other
1307,1389,nba.com,538.920164108276,69.911003112793,1330.0,34.9555015563965,5647.0,2385.0,487370.0,193.19.204.134,Nicosia,Cyprus,0,926,1056096,Other
1322,1406,pinterest.com,60.6727600097656,19.2151069641113,272.0,9.60755348205566,917.0,912.0,260843.0,87.249.135.50,Prague,Czech_Republic,0,251,657028,Social Media Sites
1323,1407,yelp.com,76.9293308258057,39.9489402770996,972.0,19.9744701385498,3047.0,2896.0,130010.0,87.249.135.50,Prague,Czech_Republic,0,156,305220,Other
1324,1408,tripadvisor.com,63.7798309326172,19.512414932251,252.0,9.75620746612549,951.0,656.0,406754.0,87.249.135.50,Prague,Czech_Republic,0,137,305220,Other
1326,1410,dictionary.com,88.665246963501,19.6402072906494,37.0,9.82010364532471,1468.0,447.0,205823.0,87.249.135.50,Prague,Czech_Republic,0,919,3327266,Educational Websites
1328,1412,cambridge.org,64.1689300537109,19.4587707519531,130.0,9.72938537597656,1064.0,655.0,286348.0,87.249.135.50,Prague,Czech_Republic,0,153,293293,Educational Websites
1333,1417,espn.com,46.5915203094482,19.5045471191406,399.0,9.75227355957031,3939.0,3032.0,1098107.0,87.249.135.50,Prague,Czech_Republic,0,276,1342251,Other
1339,1423,gsmarena.com,73.08030128479,49.2827892303467,28.0,24.6413946151733,2660.0,599.0,78615.0,87.249.135.50,Prague,Czech_Republic,0,1577,2566235,Other
1342,1426,timeanddate.com,263.647556304932,20.8406448364258,54.0,10.4203224182129,893.0,400.0,65786.0,87.249.135.50,Prague,Czech_Republic,0,766,2398347,Other
1352,1436,thefreedictionary.com,303.548097610474,28.0208587646484,132.0,14.0104293823242,3656.0,880.0,1423740.0,87.249.135.50,Prague,Czech_Republic,0,8444,13800365,Educational Websites
1357,1441,pornhub.com,73.0316638946533,21.2347507476807,167.0,10.6173753738403,2757.0,898.0,670743.0,87.249.135.50,Prague,Czech_Republic,0,3129,10036126,Other
1358,1442,ytmp3.cc,586.674690246582,19.7525024414063,201.0,9.87625122070313,2598.0,1646.0,164972.0,87.249.135.50,Prague,Czech_Republic,0,2630,7613738,Other
1366,1451,cnbc.com,351.654767990112,21.7955112457275,146.0,10.8977556228638,824.0,408.0,2314273.0,87.249.135.50,Prague,Czech_Republic,0,205,305220,News Websites
1376,1461,vocabulary.com,52.8278350830078,19.3080902099609,432.0,9.65404510498047,1718.0,1337.0,44538.0,87.249.135.50,Prague,Czech_Republic,0,879,4484178,Other
1377,1462,mcdonalds.com,263.447046279907,19.6840763092041,91.0,9.84203815460205,2214.0,1547.0,265423.0,87.249.135.50,Prague,Czech_Republic,0,1173,3438097,Other
1381,1467,booking.com,92.411994934082,18.996000289917,273.0,9.4980001449585,1235.0,1134.0,575791.0,87.249.135.50,Prague,Czech_Republic,0,788,3438054,Other
1382,1468,xhamster.com,46.1251735687256,21.7897891998291,395.0,10.8948945999146,2922.0,1315.0,327993.0,87.249.135.50,Prague,Czech_Republic,0,546,3004865,Other
1402,1490,nintendo.com,565.123319625855,19.4718837738037,32.0,9.73594188690186,1084.0,744.0,767380.0,87.249.135.50,Prague,Czech_Republic,0,1139,305220,Gaming Websites
1417,1507,yelp.com,91.3858413696289,28.2225608825684,785.0,14.1112804412842,2465.0,2355.0,129959.0,185.203.216.136,Copenhagen,Denmark,0,153,305220,Other
1422,1512,cambridge.org,1141.4258480072,25.6402492523193,113.0,12.8201246261597,1193.0,686.0,166437.0,185.203.216.136,Copenhagen,Denmark,0,312,586586,Educational Websites
1427,1517,espn.com,92.5459861755371,25.9265899658203,167.0,12.9632949829102,5430.0,1925.0,1289540.0,185.203.216.136,Copenhagen,Denmark,0,3096,12858336,Other
1433,1523,gsmarena.com,98.1419086456299,27.3587703704834,39.0,13.6793851852417,1547.0,789.0,64283.0,185.203.216.136,Copenhagen,Denmark,0,424,1510139,Other
1434,1524,mayoclinic.org,484.804153442383,26.5581607818604,179.0,13.2790803909302,7032.0,1018.0,557845.0,185.203.216.136,Copenhagen,Denmark,0,3793,10824737,Health and Medical Websites
1436,1526,timeanddate.com,247.802734375,26.2084007263184,63.0,13.1042003631592,1215.0,510.0,68007.0,185.203.216.136,Copenhagen,Denmark,0,920,2398347,Other
1437,1527,webmd.com,346.601724624634,34.8696708679199,80.0,17.43483543396,1488.0,820.0,421161.0,185.203.216.136,Copenhagen,Denmark,0,189,305220,Health and Medical Websites
1444,1534,netflix.com,421.591281890869,25.7434844970703,409.0,12.8717422485352,3644.0,2667.0,482233.0,185.203.216.136,Copenhagen,Denmark,0,593,4583346,Entertainment Websites
1446,1536,thefreedictionary.com,623.377799987793,47.0006465911865,208.0,23.5003232955933,3238.0,1227.0,1422856.0,185.203.216.136,Copenhagen,Denmark,0,2164,7205580,Educational Websites
1463,1554,flashscore.com,103.740692138672,26.775598526001,55.0,13.3877992630005,1912.0,738.0,298162.0,185.203.216.136,Copenhagen,Denmark,0,1418,1804413,Other
1470,1561,vocabulary.com,91.0446643829346,27.1148681640625,418.0,13.5574340820313,2160.0,1453.0,45283.0,185.203.216.136,Copenhagen,Denmark,0,3660,8968356,Other
1475,1567,booking.com,105.11326789856,28.0697345733643,350.0,14.0348672866821,1477.0,1359.0,573531.0,185.203.216.136,Copenhagen,Denmark,0,134,3696,Other
1476,1568,xhamster.com,79.0562629699707,26.6880989074707,297.0,13.3440494537354,2909.0,1262.0,323424.0,185.203.216.136,Copenhagen,Denmark,0,1070,2989452,Other
1490,1584,wellsfargo.com,82.3161602020264,27.6057720184326,24.0,13.8028860092163,2392.0,1953.0,131821.0,185.203.216.136,Copenhagen,Denmark,0,581,2369161,Other
1492,1586,realtor.com,553.40313911438,28.4819602966309,652.0,14.2409801483154,14484.0,1433.0,954203.0,185.203.216.136,Copenhagen,Denmark,0,50657,47569962,Other
1495,1589,nba.com,387.215137481689,27.2467136383057,377.0,13.6233568191528,6717.0,1071.0,646519.0,185.203.216.136,Copenhagen,Denmark,0,3334,8665022,Other
1511,1607,yelp.com,625.287055969238,39.2065048217773,896.0,19.6032524108887,3408.0,3398.0,227145.0,165.231.177.108,Tallinn,Estonia,0,257,305220,Other
1516,1612,cambridge.org,144.388198852539,38.5715961456299,153.0,19.2857980728149,1570.0,852.0,286062.0,165.231.177.108,Tallinn,Estonia,0,494,586586,Educational Websites
1521,1617,espn.com,96.8990325927734,39.0117168426514,503.0,19.5058584213257,12930.0,1937.0,623412.0,165.231.177.108,Tallinn,Estonia,0,5252,18958266,Other
1527,1623,gsmarena.com,201.199769973755,38.3455753326416,91.0,19.1727876663208,2225.0,1258.0,70970.0,165.231.177.108,Tallinn,Estonia,0,404,1056096,Other
1533,1629,whatsapp.com,97.7261066436768,42.3593521118164,721.0,21.1796760559082,2195.0,1762.0,279525.0,165.231.177.108,Tallinn,Estonia,0,2025,9392694,Other
1545,1641,pornhub.com,135.290384292603,38.860559463501,294.0,19.4302797317505,3418.0,1506.0,674636.0,165.231.177.108,Tallinn,Estonia,0,1670,5681853,Other
1548,1645,tiktok.com,142.104864120483,39.0651226043701,660.0,19.5325613021851,2376.0,2042.0,704236.0,165.231.177.108,Tallinn,Estonia,0,337,225018,Other
1557,1654,flashscore.com,141.324281692505,40.4303073883057,99.0,20.2151536941528,1199.0,919.0,298162.0,165.231.177.108,Tallinn,Estonia,0,306,292506,Other
1564,1661,vocabulary.com,91.4630889892578,41.3632392883301,448.0,20.681619644165,2126.0,1556.0,44538.0,165.231.177.108,Tallinn,Estonia,0,2350,7473630,Other
1569,1667,booking.com,147.18508720398,38.3646488189697,411.0,19.1823244094849,1598.0,1468.0,575614.0,165.231.177.108,Tallinn,Estonia,0,366,305220,Other
1570,1668,xhamster.com,83.5447311401367,38.4361743927002,320.0,19.2180871963501,2992.0,1597.0,294072.0,165.231.177.108,Tallinn,Estonia,0,1659,4499591,Other
1584,1684,wellsfargo.com,98.2260704040527,39.034366607666,40.0,19.517183303833,2129.0,1154.0,131734.0,165.231.177.108,Tallinn,Estonia,0,710,2369161,Other
1589,1689,nba.com,395.753383636475,38.4399890899658,1037.0,19.2199945449829,3957.0,1898.0,487205.0,165.231.177.108,Tallinn,Estonia,0,1084,2989452,Other
1610,1712,cambridge.org,152.251958847046,40.7881736755371,158.0,20.3940868377686,1478.0,772.0,285555.0,85.202.81.200,Helsinki,Finland,0,486,586586,Educational Websites
1624,1726,timeanddate.com,302.37889289856,40.6317710876465,83.0,20.3158855438232,1471.0,800.0,68033.0,85.202.81.200,Helsinki,Finland,0,1072,2398347,Other
1631,1733,healthline.com,91.3052558898926,40.3680801391602,397.0,20.1840400695801,1859.0,988.0,187479.0,85.202.81.200,Helsinki,Finland,0,156,90657,Health and Medical Websites
1639,1741,pornhub.com,147.109746932983,42.6194667816162,269.0,21.3097333908081,2285.0,1130.0,669703.0,85.202.81.200,Helsinki,Finland,0,3913,9894227,Other
1640,1742,ytmp3.cc,936.720371246338,40.2121543884277,349.0,20.1060771942139,3601.0,2330.0,165109.0,85.202.81.200,Helsinki,Finland,0,3349,7766136,Other
1648,1751,cnbc.com,386.016368865967,40.1721000671387,180.0,20.0860500335693,1077.0,560.0,2312730.0,85.202.81.200,Helsinki,Finland,0,147,47939,News Websites
1658,1761,vocabulary.com,101.152181625366,40.9834384918213,464.0,20.4917192459106,2235.0,1630.0,45283.0,85.202.81.200,Helsinki,Finland,0,3192,8968356,Other
1664,1768,xhamster.com,102.043390274048,40.712833404541,358.0,20.3564167022705,3218.0,1891.0,327822.0,85.202.81.200,Helsinki,Finland,0,914,3297371,Other
1678,1784,wellsfargo.com,102.19669342041,40.1017665863037,47.0,20.0508832931519,1918.0,1050.0,132008.0,85.202.81.200,Helsinki,Finland,0,980,3879300,Other
1680,1786,realtor.com,601.954221725464,40.1358604431152,589.0,20.0679302215576,11163.0,1302.0,965840.0,85.202.81.200,Helsinki,Finland,0,82235,40656266,Other
1683,1789,nba.com,426.436424255371,42.0005321502686,1252.0,21.0002660751343,7276.0,2033.0,635042.0,85.202.81.200,Helsinki,Finland,0,2645,7473630,Other
1698,1806,pinterest.com,71.3036060333252,25.6538391113281,257.0,12.8269195556641,734.0,729.0,260475.0,77.78.71.106,Paris,France,0,226,657028,Social Media Sites
1699,1807,yelp.com,71.9566345214844,26.749849319458,912.0,13.374924659729,2138.0,2132.0,136591.0,77.78.71.106,Paris,France,0,162,305220,Other
1704,1812,cambridge.org,85.1767063140869,24.5473384857178,86.0,12.2736692428589,1109.0,604.0,285926.0,77.78.71.106,Paris,France,0,380,586586,Educational Websites
1709,1817,espn.com,57.7623844146729,25.5250930786133,135.0,12.7625465393066,4506.0,1653.0,623190.0,77.78.71.106,Paris,France,0,1999,9242227,Other
1715,1823,gsmarena.com,82.3864936828613,24.2884159088135,31.0,12.1442079544067,1192.0,672.0,64013.0,77.78.71.106,Paris,France,0,712,2566235,Other
1718,1826,timeanddate.com,213.951826095581,26.8003940582275,91.0,13.4001970291138,1043.0,605.0,65834.0,77.78.71.106,Paris,France,0,938,2398347,Other
1731,1839,livescore.com,64.2046928405762,24.2252349853516,26.0,12.1126174926758,10896.0,518.0,335892.0,77.78.71.106,Paris,France,0,1630,3000712,Other
1736,1845,tiktok.com,58.6001873016357,23.9596366882324,840.0,11.9798183441162,1927.0,1620.0,702321.0,77.78.71.106,Paris,France,0,924,900676,Other
1758,1868,xhamster.com,54.7902584075928,23.3731269836426,273.0,11.6865634918213,3569.0,1431.0,331931.0,77.78.71.106,Paris,France,0,1642,4792030,Other
1793,1907,yelp.com,38.2392406463623,29.4861793518066,718.0,14.7430896759033,2094.0,1996.0,138361.0,159.48.53.197,Frankfurt am Main,Germany,0,97,305220,Other
1798,1912,cambridge.org,52.4001121520996,14.4753456115723,97.0,7.23767280578613,960.0,499.0,166724.0,159.48.53.197,Frankfurt am Main,Germany,0,202,586586,Educational Websites
1803,1917,espn.com,59.0152740478516,15.4099464416504,127.0,7.7049732208252,4357.0,1696.0,472985.0,159.48.53.197,Frankfurt am Main,Germany,0,1376,7613489,Other
1804,1918,linkedin.com,53.3394813537598,15.1114463806152,415.0,7.55572319030762,955.0,539.0,156734.0,159.48.53.197,Frankfurt am Main,Germany,0,1693,9458651,Social Media Sites
1812,1926,timeanddate.com,211.579084396362,15.7105922698975,34.0,7.85529613494873,1509.0,452.0,68022.0,159.48.53.197,Frankfurt am Main,Germany,0,2100,2398347,Other
1817,1931,bbc.com,36.761999130249,18.8713073730469,76.0,9.43565368652344,1488.0,862.0,216355.0,159.48.53.197,Frankfurt am Main,Germany,0,864,1870174,News Websites
1826,1940,ebay.com,337.580919265747,18.4459686279297,289.0,9.22298431396484,1421.0,774.0,412346.0,159.48.53.197,Frankfurt am Main,Germany,0,138,48818,E-commerce Platforms
1830,1945,tiktok.com,61.7966651916504,15.0980949401855,1732.0,7.54904747009277,2748.0,2466.0,630513.0,159.48.53.197,Frankfurt am Main,Germany,0,162,450286,Other
1836,1951,cnbc.com,276.262283325195,15.6471729278564,130.0,7.82358646392822,711.0,431.0,2312297.0,159.48.53.197,Frankfurt am Main,Germany,0,71,47939,News Websites
1839,1954,flashscore.com,41.9812202453613,16.4709091186523,24.0,8.23545455932617,1320.0,879.0,431617.0,159.48.53.197,Frankfurt am Main,Germany,0,1452,2877746,Other
1844,1959,unsplash.com,95.0396060943604,21.8877792358398,22.0,10.9438896179199,3629.0,2605.0,377647.0,159.48.53.197,Frankfurt am Main,Germany,0,4169,5420470,Other
1852,1968,xhamster.com,36.8871688842773,15.4867172241211,501.0,7.74335861206055,2713.0,1872.0,328330.0,159.48.53.197,Frankfurt am Main,Germany,0,2244,7624749,Other
1863,1980,hotels.com,37.0612144470215,15.418529510498,399.0,7.70926475524902,6346.0,1740.0,1105018.0,159.48.53.197,Frankfurt am Main,Germany,0,21145,26519556,Other
1867,1985,expedia.com,47.5821495056152,17.6184177398682,592.0,8.80920886993408,9169.0,2542.0,1399699.0,159.48.53.197,Frankfurt am Main,Germany,0,38924,39148201,Other
1868,1986,realtor.com,514.409065246582,16.0772800445557,639.0,8.03864002227783,10789.0,1280.0,952683.0,159.48.53.197,Frankfurt am Main,Germany,0,79768,49765541,Other
1871,1989,nba.com,341.798305511475,42.743444442749,1835.0,21.3717222213745,4211.0,2634.0,487209.0,159.48.53.197,Frankfurt am Main,Germany,0,3875,7473630,Other
1885,2005,merriam-webster.com,176.501035690308,59.9524974822998,145.0,29.9762487411499,8527.0,1073.0,266562.0,178.132.104.71,Athens,Greece,0,8993,15629809,Educational Websites
1887,2007,yelp.com,242.259502410889,67.0685768127441,951.0,33.5342884063721,4522.0,4517.0,111589.0,178.132.104.71,Athens,Greece,0,382,305220,Other
1892,2012,cambridge.org,196.568012237549,66.6964054107666,232.0,33.3482027053833,2869.0,1510.0,286059.0,178.132.104.71,Athens,Greece,0,740,586586,Educational Websites
1893,2013,britannica.com,611.427545547485,79.8077583312988,734.0,39.9038791656494,6826.0,1584.0,153651.0,178.132.104.71,Athens,Greece,0,10476,18203482,Educational Websites
1903,2023,gsmarena.com,253.050088882446,62.4933242797852,108.0,31.2466621398926,3524.0,1377.0,78655.0,178.132.104.71,Athens,Greece,0,1576,2566235,Other
1933,2054,flashscore.com,161.333322525024,63.9841556549072,142.0,31.9920778274536,1585.0,1179.0,298162.0,178.132.104.71,Athens,Greece,0,429,292506,Other
1940,2061,vocabulary.com,132.661104202271,60.5261325836182,638.0,30.2630662918091,2994.0,2220.0,45239.0,178.132.104.71,Athens,Greece,0,1830,4484178,Other
1957,2080,hotels.com,231.402158737183,62.3831748962402,555.0,31.1915874481201,9045.0,2634.0,963975.0,178.132.104.71,Athens,Greece,0,9911,13414079,Other
1960,2084,wellsfargo.com,227.503776550293,59.1440200805664,74.0,29.5720100402832,2121.0,1154.0,131943.0,178.132.104.71,Athens,Greece,0,877,2369161,Other
1981,2107,yelp.com,890.177249908447,273.542642593384,995.0,136.771321296692,5530.0,5525.0,109621.0,192.166.244.77,Sham Shui Po,Hong_Kong,0,4150,1802645,Other
1997,2123,gsmarena.com,996.184587478638,275.1624584198,467.0,137.5812292099,9038.0,6499.0,64076.0,192.166.244.77,Sham Shui Po,Hong_Kong,0,2222,1510139,Other
2000,2126,timeanddate.com,1005.38015365601,273.665904998779,580.0,136.83295249939,27863.0,3410.0,69698.0,192.166.244.77,Sham Shui Po,Hong_Kong,0,25317,7537448,Other
2015,2141,pornhub.com,618.468046188355,274.235010147095,684.0,137.117505073547,11005.0,4570.0,671883.0,192.166.244.77,Sham Shui Po,Hong_Kong,0,4538,2551449,Other
2016,2142,ytmp3.cc,948.616027832031,273.806571960449,362.0,136.903285980225,8381.0,4508.0,165109.0,192.166.244.77,Sham Shui Po,Hong_Kong,0,22237,13806692,Other
2027,2154,flashscore.com,641.806125640869,277.775049209595,349.0,138.887524604797,5325.0,3826.0,298162.0,192.166.244.77,Sham Shui Po,Hong_Kong,0,1617,292506,Other
2034,2161,vocabulary.com,874.162912368774,306.688785552979,1364.0,153.344392776489,12513.0,7912.0,44883.0,192.166.244.77,Sham Shui Po,Hong_Kong,0,7055,4499591,Other
2046,2175,twitch.tv,647.529363632202,286.594867706299,0.0,143.297433853149,13367.0,4481.0,224940.0,192.166.244.77,Sham Shui Po,Hong_Kong,0,2862,1493016,Entertainment Websites
2047,2176,pexels.com,874.440908432007,276.296854019165,450.0,138.148427009583,9738.0,3493.0,260457.0,192.166.244.77,Sham Shui Po,Hong_Kong,0,5375,3452249,Other
2048,2177,poki.com,944.200277328491,301.251888275146,837.0,150.625944137573,8173.0,2347.0,275533.0,192.166.244.77,Sham Shui Po,Hong_Kong,0,2838,160726,Gaming Websites
2060,2190,nintendo.com,1584.74206924438,331.434011459351,439.0,165.717005729675,10513.0,3263.0,876800.0,192.166.244.77,Sham Shui Po,Hong_Kong,0,4665,3312784,Gaming Websites
2085,2217,espn.com,216.457605361938,59.2503547668457,266.0,29.6251773834229,4145.0,3388.0,926064.0,155.133.78.97,Budapest,Hungary,0,1300,2684502,Other
2091,2223,gsmarena.com,225.98123550415,61.6178512573242,103.0,30.8089256286621,4147.0,1362.0,78692.0,155.133.78.97,Budapest,Hungary,0,474,1056096,Other
2109,2241,pornhub.com,229.630470275879,58.7372779846191,172.0,29.3686389923096,3930.0,1425.0,671256.0,155.133.78.97,Budapest,Hungary,0,2548,6133438,Other
2128,2261,vocabulary.com,134.882211685181,59.0131282806397,532.0,29.5065641403198,2700.0,1928.0,45239.0,155.133.78.97,Budapest,Hungary,0,4879,10463082,Other
2130,2263,deepl.com,254.525184631348,60.0385665893555,190.0,30.0192832946777,1957.0,1539.0,227805.0,155.133.78.97,Budapest,Hungary,0,278,48071,Other
2133,2267,booking.com,267.314910888672,65.143346786499,426.0,32.5716733932495,1935.0,1806.0,586986.0,155.133.78.97,Budapest,Hungary,0,456,305220,Other
2175,2313,britannica.com,530.790567398071,60.0199699401856,313.0,30.0099849700928,5150.0,1246.0,152779.0,185.234.68.186,Reykjavík,Iceland,0,6709,14757043,Educational Websites
2179,2317,espn.com,225.632190704346,59.2343807220459,253.0,29.6171903610229,3955.0,3070.0,924588.0,185.234.68.186,Reykjavík,Iceland,0,626,1342251,Other
2188,2326,timeanddate.com,374.710559844971,59.7248077392578,117.0,29.8624038696289,2636.0,751.0,65419.0,185.234.68.186,Reykjavík,Iceland,0,1523,1056096,Other
2190,2328,thesaurus.com,305.167198181152,59.8535537719727,95.0,29.9267768859863,3112.0,1158.0,206851.0,185.234.68.186,Reykjavík,Iceland,0,2889,6011845,Other
2193,2331,bbc.com,197.176456451416,60.7213973999023,137.0,30.3606986999512,4519.0,2372.0,227739.0,185.234.68.186,Reykjavík,Iceland,0,1945,62929,News Websites
2222,2361,vocabulary.com,260.047435760498,78.8543224334717,484.0,39.4271612167358,3408.0,2472.0,45283.0,185.234.68.186,Reykjavík,Iceland,0,1274,2989452,Other
2227,2367,booking.com,236.63854598999,63.5867118835449,407.0,31.7933559417725,2247.0,1684.0,603215.0,185.234.68.186,Reykjavík,Iceland,0,337,305220,Other
2239,2380,hotels.com,199.339628219605,60.6410503387451,449.0,30.3205251693726,3983.0,3230.0,908265.0,185.234.68.186,Reykjavík,Iceland,0,269,27693,Other
2279,2423,gsmarena.com,815.675497055054,212.385416030884,392.0,106.192708015442,5717.0,3967.0,63961.0,185.213.83.35,Jakarta,Indonesia,0,1695,1510139,Other
2316,2461,vocabulary.com,475.753545761108,211.082458496094,1319.0,105.541229248047,8849.0,5565.0,44883.0,185.213.83.35,Jakarta,Indonesia,0,6777,5994317,Other
2322,2468,xhamster.com,458.584070205689,212.295293807983,748.0,106.147646903992,11092.0,7035.0,334696.0,185.213.83.35,Jakarta,Indonesia,0,7400,4792097,Other
2367,2517,espn.com,82.8204154968262,40.123462677002,294.0,20.061731338501,2947.0,2347.0,1287810.0,194.32.235.173,Dublin,Ireland,0,300,1342251,Other
2373,2523,gsmarena.com,141.695499420166,40.2169227600098,60.0,20.1084613800049,2977.0,925.0,78633.0,194.32.235.173,Dublin,Ireland,0,722,3004865,Other
2387,2537,xvideos.com,155.59458732605,36.0078811645508,125.0,18.0039405822754,1391.0,999.0,138256.0,194.32.235.173,Dublin,Ireland,0,197,17522,Other
2392,2542,ytmp3.cc,627.091884613037,38.0392074584961,219.0,19.019603729248,5229.0,3340.0,165109.0,194.32.235.173,Dublin,Ireland,0,2870,7473630,Other
2410,2561,vocabulary.com,82.4735164642334,34.9695682525635,172.0,17.4847841262817,1877.0,1240.0,45283.0,194.32.235.173,Dublin,Ireland,0,422,1494726,Other
2416,2568,xhamster.com,77.1996974945068,35.8073711395264,561.0,17.9036855697632,4293.0,1880.0,324166.0,194.32.235.173,Dublin,Ireland,0,1612,4792030,Other
2417,2569,xe.com,94.0935611724854,36.7491245269775,70.0,18.3745622634888,6012.0,983.0,535084.0,194.32.235.173,Dublin,Ireland,0,3969,7515586,Other
2455,2611,yahoo.com,453.298091888428,61.7904663085938,459.0,30.8952331542969,5962.0,3069.0,932043.0,31.187.78.112,Tel Aviv,Israel,0,660,402328,Other
2456,2612,cambridge.org,204.858541488647,63.9688968658447,227.0,31.9844484329224,2310.0,1336.0,286069.0,31.187.78.112,Tel Aviv,Israel,0,658,586586,Educational Websites
2461,2617,espn.com,136.051416397095,62.0684623718262,502.0,31.0342311859131,22043.0,3275.0,1250306.0,31.187.78.112,Tel Aviv,Israel,0,5388,15344202,Other
2470,2626,timeanddate.com,397.21941947937,70.969820022583,479.0,35.4849100112915,4829.0,1217.0,64204.0,31.187.78.112,Tel Aviv,Israel,0,2225,3740672,Other
2486,2642,ytmp3.cc,996.743202209473,74.2816925048828,350.0,37.1408462524414,3656.0,2382.0,165109.0,31.187.78.112,Tel Aviv,Israel,0,2536,6040556,Other
2489,2646,steampowered.com,260.937690734863,63.6317729949951,59.0,31.8158864974976,2335.0,1345.0,499472.0,31.187.78.112,Tel Aviv,Israel,0,637,1510139,Other
2510,2668,xhamster.com,134.663581848145,63.4348392486572,510.0,31.7174196243286,4477.0,2593.0,323960.0,31.187.78.112,Tel Aviv,Israel,0,2023,4499591,Other
2522,2681,globo.com,666.255950927734,62.6602172851563,330.0,31.3301086425781,18117.0,5927.0,1043219.0,31.187.78.112,Tel Aviv,Israel,0,4695,10926770,Other
2524,2684,wellsfargo.com,283.282041549683,61.4721775054932,63.0,30.7360887527466,2281.0,1474.0,131990.0,31.187.78.112,Tel Aviv,Israel,0,893,2369161,Other
2541,2703,imdb.com,445.827960968018,65.8938884735107,1101.0,32.9469442367554,3903.0,2118.0,670994.0,194.34.233.218,Milan,Italy,0,39,3667,Entertainment Websites
2544,2706,pinterest.com,82.1545124053955,38.7423038482666,252.0,19.3711519241333,769.0,763.0,260816.0,194.34.233.218,Milan,Italy,0,402,124414,Social Media Sites
2550,2712,cambridge.org,85.4964256286621,22.4337577819824,141.0,11.2168788909912,1445.0,923.0,285846.0,194.34.233.218,Milan,Italy,0,512,586586,Educational Websites
2561,2723,gsmarena.com,144.327878952026,108.358383178711,33.0,54.1791915893555,1084.0,640.0,64116.0,194.34.233.218,Milan,Italy,0,354,1510139,Other
2564,2726,timeanddate.com,244.392871856689,21.794319152832,54.0,10.897159576416,1091.0,362.0,68078.0,194.34.233.218,Milan,Italy,0,619,1056096,Other
2565,2727,webmd.com,402.042388916016,24.9137878417969,312.0,12.4568939208984,2334.0,890.0,291024.0,194.34.233.218,Milan,Italy,0,124,1915,Health and Medical Websites
2578,2740,ebay.com,334.678888320923,26.5905857086182,321.0,13.2952928543091,1714.0,893.0,407421.0,194.34.233.218,Milan,Italy,0,72,341434,E-commerce Platforms
2579,2741,pornhub.com,109.690427780151,53.455114364624,158.0,26.727557182312,3267.0,805.0,670107.0,194.34.233.218,Milan,Italy,0,2252,7306004,Other
2582,2745,tiktok.com,57.7433109283447,53.7722110748291,695.0,26.8861055374145,3053.0,1394.0,796347.0,194.34.233.218,Milan,Italy,0,5255,4676134,Other
2591,2754,flashscore.com,61.6068840026856,27.5938510894775,41.0,13.7969255447388,807.0,689.0,298162.0,194.34.233.218,Milan,Italy,0,562,1804413,Other
2598,2761,vocabulary.com,55.9830665588379,23.1812000274658,439.0,11.5906000137329,1750.0,1415.0,44582.0,194.34.233.218,Milan,Italy,0,1008,5978904,Other
2603,2767,booking.com,97.8231430053711,22.4065780639648,457.0,11.2032890319824,1552.0,1431.0,570200.0,194.34.233.218,Milan,Italy,0,530,3438054,Other
2618,2784,wellsfargo.com,95.0648784637451,22.3255157470703,26.0,11.1627578735352,1437.0,806.0,132047.0,194.34.233.218,Milan,Italy,0,469,1510139,Other
2619,2785,expedia.com,94.3667888641357,25.108814239502,629.0,12.554407119751,7125.0,2111.0,1361781.0,194.34.233.218,Milan,Italy,0,4649,19698003,Other
2620,2786,realtor.com,615.020275115967,24.4159698486328,667.0,12.2079849243164,20139.0,1292.0,954224.0,194.34.233.218,Milan,Italy,0,35855,48291453,Other
2625,2791,akc.org,77.1379470825195,23.205041885376,34.0,11.602520942688,11036.0,351.0,600588.0,194.34.233.218,Milan,Italy,0,15702,35893347,Other
2644,2812,cambridge.org,814.62550163269,266.339063644409,874.0,133.169531822205,7263.0,4168.0,285853.0,45.94.210.107,Osaka,Japan,0,3052,586586,Educational Websites
2674,2842,ytmp3.cc,1025.75397491455,266.372203826904,400.0,133.186101913452,7244.0,3699.0,165109.0,45.94.210.107,Osaka,Japan,0,18629,12296553,Other
2698,2868,xhamster.com,547.25193977356,266.971111297607,1055.0,133.485555648804,10458.0,5634.0,338994.0,45.94.210.107,Osaka,Japan,0,12146,5133694,Other
2738,2912,cambridge.org,137.491703033447,41.9392585754395,258.0,20.9696292877197,2483.0,1520.0,286056.0,196.240.54.53,Riga,Latvia,0,1316,586586,Educational Websites
2743,2917,espn.com,117.552042007446,41.5403842926025,515.0,20.7701921463013,10409.0,2434.0,586789.0,196.240.54.53,Riga,Latvia,0,7640,19907338,Other
2749,2923,gsmarena.com,218.571662902832,43.276309967041,98.0,21.6381549835205,2262.0,1140.0,67238.0,196.240.54.53,Riga,Latvia,0,1252,2566235,Other
2750,2924,mayoclinic.org,523.403882980347,42.4306392669678,102.0,21.2153196334839,5684.0,1412.0,557846.0,196.240.54.53,Riga,Latvia,0,4625,10838590,Health and Medical Websites
2782,2957,speedtest.net,176.944732666016,47.1298694610596,197.0,23.5649347305298,6842.0,749.0,198651.0,196.240.54.53,Riga,Latvia,0,2582,4669517,Other
2786,2961,vocabulary.com,93.93310546875,45.5257892608643,469.0,22.7628946304321,2444.0,1756.0,45283.0,196.240.54.53,Riga,Latvia,0,446,1494726,Other
2787,2962,mcdonalds.com,308.887481689453,43.2300567626953,115.0,21.6150283813477,2390.0,1391.0,265423.0,196.240.54.53,Riga,Latvia,0,929,3438097,Other
2806,2984,wellsfargo.com,169.211149215698,52.1113872528076,75.0,26.0556936264038,2133.0,1183.0,131933.0,196.240.54.53,Riga,Latvia,0,569,2369161,Other
2827,3007,yelp.com,135.297298431396,36.0760688781738,999.0,18.0380344390869,3392.0,3271.0,112026.0,45.82.33.65,Vilnius,Lithuania,0,266,305220,Other
2832,3012,cambridge.org,125.083208084106,36.0805988311768,178.0,18.0402994155884,1582.0,891.0,286057.0,45.82.33.65,Vilnius,Lithuania,0,209,293293,Educational Websites
2836,3016,walmart.com,89.1396999359131,36.7231369018555,243.0,18.3615684509277,2490.0,472.0,183489.0,45.82.33.65,Vilnius,Lithuania,0,384,1342248,E-commerce Platforms
2837,3017,espn.com,97.5852012634277,37.2333526611328,416.0,18.6166763305664,6611.0,2838.0,1278270.0,45.82.33.65,Vilnius,Lithuania,0,2588,12088474,Other
2838,3018,linkedin.com,146.069049835205,43.3251857757568,257.0,21.6625928878784,1092.0,589.0,145328.0,45.82.33.65,Vilnius,Lithuania,0,540,3132834,Social Media Sites
2843,3023,gsmarena.com,135.340213775635,36.1461639404297,62.0,18.0730819702148,1379.0,874.0,64256.0,45.82.33.65,Vilnius,Lithuania,0,454,1510139,Other
2856,3036,thefreedictionary.com,451.965808868408,54.6889305114746,177.0,27.3444652557373,5530.0,1086.0,192182.0,45.82.33.65,Vilnius,Lithuania,0,8884,11313678,Educational Websites
2859,3039,livescore.com,131.33692741394,38.8190746307373,60.0,19.4095373153687,1698.0,718.0,221691.0,45.82.33.65,Vilnius,Lithuania,0,489,1056096,Other
2860,3040,ebay.com,454.978466033936,36.5035533905029,366.0,18.2517766952515,2156.0,1125.0,314116.0,45.82.33.65,Vilnius,Lithuania,0,131,341434,E-commerce Platforms
2861,3041,pornhub.com,140.69390296936,36.3094806671143,350.0,18.1547403335571,3218.0,1267.0,672077.0,45.82.33.65,Vilnius,Lithuania,0,1839,5681846,Other
2865,3046,steampowered.com,143.169403076172,41.085958480835,71.0,20.5429792404175,1480.0,959.0,508688.0,45.82.33.65,Vilnius,Lithuania,0,318,11154,Other
2876,3057,speedtest.net,176.868200302124,36.992073059082,198.0,18.496036529541,2057.0,788.0,153512.0,45.82.33.65,Vilnius,Lithuania,0,1084,2107865,Other
2880,3061,vocabulary.com,85.6385231018066,38.0690097808838,549.0,19.0345048904419,2545.0,1987.0,44538.0,45.82.33.65,Vilnius,Lithuania,0,1884,5978904,Other
2885,3067,booking.com,109.513521194458,37.3525619506836,346.0,18.6762809753418,1606.0,1446.0,567999.0,45.82.33.65,Vilnius,Lithuania,0,262,305220,Other
2886,3068,xhamster.com,88.5939598083496,37.3103618621826,441.0,18.6551809310913,3101.0,1814.0,328000.0,45.82.33.65,Vilnius,Lithuania,0,1592,4499591,Other
2900,3084,wellsfargo.com,96.238374710083,46.3943481445313,40.0,23.1971740722656,1575.0,890.0,131764.0,45.82.33.65,Vilnius,Lithuania,0,905,2369161,Other
2907,3091,akc.org,196.729421615601,37.3499393463135,56.0,18.6749696731567,8011.0,480.0,600761.0,45.82.33.65,Vilnius,Lithuania,0,34500,47416948,Other
2921,3107,yelp.com,63.9979839324951,40.6785011291504,955.0,20.3392505645752,2510.0,2279.0,110623.0,194.110.85.37,Cruchten,Luxembourg,0,1440,369156,Other
2926,3112,cambridge.org,59.9274635314941,18.8024044036865,164.0,9.40120220184326,1216.0,803.0,285845.0,194.110.85.37,Cruchten,Luxembourg,0,118,293293,Educational Websites
2931,3117,espn.com,50.3072738647461,18.6853408813477,337.0,9.34267044067383,2762.0,2180.0,1102597.0,194.110.85.37,Cruchten,Luxembourg,0,253,1342251,Other
2937,3123,gsmarena.com,82.0810794830322,20.6396579742432,34.0,10.3198289871216,3102.0,1033.0,71381.0,194.110.85.37,Cruchten,Luxembourg,0,2408,2566235,Other
2938,3124,mayoclinic.org,434.208154678345,66.4079189300537,201.0,33.2039594650269,7999.0,1635.0,557843.0,194.110.85.37,Cruchten,Luxembourg,0,5069,10824854,Health and Medical Websites
2953,3139,livescore.com,58.7167739868164,18.2697772979736,28.0,9.13488864898682,2482.0,535.0,257773.0,194.110.85.37,Cruchten,Luxembourg,0,2018,2400273,Other
2964,3151,cnbc.com,296.328067779541,19.6640491485596,124.0,9.83202457427979,913.0,518.0,2312380.0,194.110.85.37,Cruchten,Luxembourg,0,220,305220,News Websites
2967,3154,flashscore.com,54.983377456665,18.1536674499512,54.0,9.07683372497559,1922.0,1412.0,442437.0,194.110.85.37,Cruchten,Luxembourg,0,2260,2121171,Other
2972,3159,unsplash.com,109.544515609741,20.7071304321289,29.0,10.3535652160645,1911.0,1778.0,574717.0,194.110.85.37,Cruchten,Luxembourg,0,519,1513893,Other
2979,3167,booking.com,118.571996688843,41.1555767059326,287.0,20.5777883529663,1400.0,1290.0,568552.0,194.110.85.37,Cruchten,Luxembourg,0,260,305220,Other
2980,3168,xhamster.com,45.3684329986572,17.9538726806641,294.0,8.97693634033203,4183.0,1450.0,339428.0,194.110.85.37,Cruchten,Luxembourg,0,6224,6019730,Other
2991,3180,hotels.com,240.611791610718,50.0900745391846,675.0,25.0450372695923,3288.0,2690.0,907082.0,194.110.85.37,Cruchten,Luxembourg,0,70,27693,Other
2995,3185,expedia.com,74.535608291626,24.7049331665039,1730.0,12.352466583252,7749.0,2904.0,1488456.0,194.110.85.37,Cruchten,Luxembourg,0,12736,22945775,Other
3000,3190,nintendo.com,546.633958816528,56.6682815551758,42.0,28.3341407775879,1602.0,884.0,768578.0,194.110.85.37,Cruchten,Luxembourg,0,762,395877,Gaming Websites
3001,3191,akc.org,76.8017768859863,19.4575786590576,69.0,9.72878932952881,7752.0,375.0,600762.0,194.110.85.37,Cruchten,Luxembourg,0,42378,41250826,Other
3020,3212,cambridge.org,545.695066452026,174.551010131836,587.0,87.275505065918,5778.0,2956.0,285856.0,202.73.12.98,Kuala Lumpur,Malaysia,0,2256,586586,Educational Websites
3034,3226,timeanddate.com,784.914255142212,202.574253082275,444.0,101.287126541138,32733.0,2563.0,68100.0,202.73.12.98,Kuala Lumpur,Malaysia,0,76572,16842025,Other
3053,3246,steampowered.com,403.564214706421,163.666963577271,193.0,81.8334817886353,5173.0,2653.0,501492.0,202.73.12.98,Kuala Lumpur,Malaysia,0,1450,1510139,Other
3100,3298,www2.hm.com,805.032730102539,160.01033782959,444.0,80.0051689147949,8353.0,5092.0,1288684.0,202.73.12.98,Kuala Lumpur,Malaysia,0,1204,305220,Other
3114,3312,cambridge.org,496.081352233887,159.997701644897,518.0,79.9988508224487,5443.0,3495.0,285853.0,185.153.177.14,Mexico City,Mexico,0,1762,586586,Educational Websites
3144,3342,ytmp3.cc,1150.21371841431,161.666631698608,417.0,80.8333158493042,5393.0,2963.0,165059.0,185.153.177.14,Mexico City,Mexico,0,16082,14099198,Other
3155,3354,flashscore.com,393.193960189819,161.504030227661,234.0,80.7520151138306,3058.0,2116.0,298162.0,185.153.177.14,Mexico City,Mexico,0,1286,768113,Other
3168,3368,xhamster.com,384.59038734436,177.302598953247,850.0,88.6512994766235,12078.0,4879.0,338763.0,185.153.177.14,Mexico City,Mexico,0,2631,1540697,Other
3203,3407,yelp.com,185.707330703735,51.3906478881836,648.0,25.6953239440918,1889.0,1817.0,108576.0,178.175.141.212,Chisinau,Moldova,0,2248,8081027,Other
3208,3412,cambridge.org,198.812961578369,51.5851974487305,239.0,25.7925987243652,2017.0,1227.0,286058.0,178.175.141.212,Chisinau,Moldova,0,596,586586,Educational Websites
3209,3413,britannica.com,545.274972915649,55.3948879241943,287.0,27.6974439620972,18270.0,1065.0,163691.0,178.175.141.212,Chisinau,Moldova,0,8900,14496300,Educational Websites
3213,3417,espn.com,148.517370223999,53.3957481384277,470.0,26.6978740692139,11703.0,3110.0,1672180.0,178.175.141.212,Chisinau,Moldova,0,5636,17785933,Other
3214,3418,linkedin.com,292.154312133789,52.3941516876221,295.0,26.197075843811,1345.0,633.0,142425.0,178.175.141.212,Chisinau,Moldova,0,673,3132834,Social Media Sites
3220,3424,mayoclinic.org,635.978221893311,51.5453815460205,274.0,25.7726907730103,6685.0,1277.0,557852.0,178.175.141.212,Chisinau,Moldova,0,2394,8023117,Health and Medical Websites
3223,3427,webmd.com,555.842399597168,52.7217388153076,249.0,26.3608694076538,33146.0,2151.0,301503.0,178.175.141.212,Chisinau,Moldova,0,17237,21652138,Health and Medical Websites
3237,3441,pornhub.com,224.284887313843,51.3296127319336,303.0,25.6648063659668,7539.0,1299.0,678512.0,178.175.141.212,Chisinau,Moldova,0,3434,8073923,Other
3238,3442,ytmp3.cc,720.038652420044,53.1468391418457,257.0,26.5734195709229,3707.0,1753.0,164963.0,178.175.141.212,Chisinau,Moldova,0,2027,5872745,Other
3240,3445,tiktok.com,143.347978591919,62.3071193695068,1190.0,31.1535596847534,3602.0,2902.0,746940.0,178.175.141.212,Chisinau,Moldova,0,344,225117,Other
3244,3449,nordstrom.com,151.113271713257,51.7005920410156,296.0,25.8502960205078,852.0,852.0,210195.0,178.175.141.212,Chisinau,Moldova,0,251,212941,E-commerce Platforms
3246,3451,cnbc.com,466.229200363159,51.3625144958496,317.0,25.6812572479248,1684.0,780.0,2330162.0,178.175.141.212,Chisinau,Moldova,0,160,47939,News Websites
3248,3453,roblox.com,361.852884292603,59.4017505645752,244.0,29.7008752822876,2296.0,1917.0,96953.0,178.175.141.212,Chisinau,Moldova,0,430,187846,Gaming Websites
3254,3459,unsplash.com,216.356992721558,51.7094135284424,70.0,25.8547067642212,3346.0,1251.0,388425.0,178.175.141.212,Chisinau,Moldova,0,669,1510139,Other
3257,3462,mcdonalds.com,358.03747177124,51.5761375427246,90.0,25.7880687713623,2900.0,1443.0,265424.0,178.175.141.212,Chisinau,Moldova,0,790,3132877,Other
3261,3467,booking.com,459.743499755859,57.9535961151123,590.0,28.9767980575562,3770.0,2200.0,645969.0,178.175.141.212,Chisinau,Moldova,0,2034,2852467,Other
3262,3468,xhamster.com,113.02661895752,53.7323951721191,674.0,26.8661975860596,4968.0,1956.0,328634.0,178.175.141.212,Chisinau,Moldova,0,4870,4499591,Other
3276,3484,wellsfargo.com,181.95652961731,63.4005069732666,76.0,31.7002534866333,3442.0,1204.0,132066.0,178.175.141.212,Chisinau,Moldova,0,868,2369161,Other
3296,3506,pinterest.com,60.0485801696777,25.4275798797607,217.0,12.7137899398804,728.0,720.0,260939.0,178.239.173.169,Amsterdam,Netherlands,0,274,657028,Social Media Sites
3297,3507,yelp.com,60.694694519043,48.2537746429443,546.0,24.1268873214722,1811.0,1806.0,130111.0,178.239.173.169,Amsterdam,Netherlands,0,154,305220,Other
3302,3512,cambridge.org,81.9230079650879,24.6760845184326,91.0,12.3380422592163,1183.0,742.0,285845.0,178.239.173.169,Amsterdam,Netherlands,0,344,586586,Educational Websites
3307,3517,espn.com,73.7276077270508,25.2888202667236,589.0,12.6444101333618,5370.0,2288.0,522582.0,178.239.173.169,Amsterdam,Netherlands,0,1749,8955740,Other
3308,3518,linkedin.com,103.803873062134,25.5763530731201,259.0,12.7881765365601,705.0,446.0,133476.0,178.239.173.169,Amsterdam,Netherlands,0,222,60149,Social Media Sites
3313,3523,gsmarena.com,84.1984748840332,26.5014171600342,48.0,13.2507085800171,1387.0,694.0,64369.0,178.239.173.169,Amsterdam,Netherlands,0,849,2566235,Other
3329,3539,livescore.com,57.3601722717285,25.193452835083,30.0,12.5967264175415,1405.0,520.0,260159.0,178.239.173.169,Amsterdam,Netherlands,0,1136,2398347,Other
3334,3545,tiktok.com,58.9890480041504,25.578498840332,1259.0,12.789249420166,2371.0,2020.0,708786.0,178.239.173.169,Amsterdam,Netherlands,0,177,1049746,Other
3343,3554,flashscore.com,55.9015274047852,25.8615016937256,34.0,12.9307508468628,885.0,751.0,298162.0,178.239.173.169,Amsterdam,Netherlands,0,918,1658278,Other
3370,3584,wellsfargo.com,79.9055099487305,27.961254119873,28.0,13.9806270599365,2846.0,1300.0,132076.0,178.239.173.169,Amsterdam,Netherlands,0,415,23629,Other
3387,3603,imdb.com,1510.2117061615,281.124830245972,2016.0,140.562415122986,23025.0,6114.0,711469.0,116.90.74.94,Auckland,New_Zealand,0,11838,402124,Entertainment Websites
3391,3607,yelp.com,621.642827987671,344.177722930908,943.0,172.088861465454,4902.0,4897.0,109049.0,116.90.74.94,Auckland,New_Zealand,0,6392,2107865,Other
3396,3612,cambridge.org,899.895906448364,286.499738693237,1045.0,143.249869346619,8197.0,4692.0,285853.0,116.90.74.94,Auckland,New_Zealand,0,3922,586586,Educational Websites
3489,3711,yahoo.com,425.29034614563,46.1392402648926,248.0,23.0696201324463,2848.0,1152.0,1059006.0,185.225.28.199,Skopje,North_Macedonia,0,3090,4565876,Other
3490,3712,cambridge.org,161.180257797241,47.025203704834,193.0,23.512601852417,1808.0,973.0,286060.0,185.225.28.199,Skopje,North_Macedonia,0,546,586586,Educational Websites
3495,3717,espn.com,123.279094696045,47.4693775177002,417.0,23.7346887588501,13209.0,3218.0,2168803.0,185.225.28.199,Skopje,North_Macedonia,0,3030,13280034,Other
3501,3723,gsmarena.com,175.653219223022,47.1043586730957,73.0,23.5521793365479,1871.0,1315.0,64185.0,185.225.28.199,Skopje,North_Macedonia,0,513,1510139,Other
3502,3724,mayoclinic.org,575.025320053101,49.7071743011475,353.0,24.8535871505737,6246.0,1310.0,557852.0,185.225.28.199,Skopje,North_Macedonia,0,1811,8024984,Health and Medical Websites
3519,3741,pornhub.com,159.668207168579,47.8653907775879,236.0,23.9326953887939,3434.0,1366.0,672171.0,185.225.28.199,Skopje,North_Macedonia,0,1059,4642928,Other
3523,3746,steampowered.com,162.490606307983,46.1995601654053,60.0,23.0997800827026,3148.0,1729.0,492604.0,185.225.28.199,Skopje,North_Macedonia,0,441,1510139,Other
3531,3754,flashscore.com,123.353242874146,46.933650970459,85.0,23.4668254852295,1179.0,914.0,298135.0,185.225.28.199,Skopje,North_Macedonia,0,328,292506,Other
3539,3762,mcdonalds.com,340.508699417114,46.8592643737793,110.0,23.4296321868896,2318.0,1395.0,265422.0,185.225.28.199,Skopje,North_Macedonia,0,672,3132877,Other
3544,3768,xhamster.com,124.112606048584,45.950174331665,374.0,22.9750871658325,3600.0,2192.0,327041.0,185.225.28.199,Skopje,North_Macedonia,0,556,1510139,Other
3547,3772,spanishdict.com,337.590456008911,46.5273857116699,205.0,23.263692855835,29660.0,438.0,283509.0,185.225.28.199,Skopje,North_Macedonia,0,8582,21468955,Other
3558,3784,wellsfargo.com,168.602466583252,51.2101650238037,63.0,25.6050825119019,2364.0,1404.0,131994.0,185.225.28.199,Skopje,North_Macedonia,0,560,2369161,Other
3563,3789,nba.com,468.476295471191,46.4901924133301,664.0,23.245096206665,3591.0,1567.0,576748.0,185.225.28.199,Skopje,North_Macedonia,0,430,135256,Other
3579,3807,yelp.com,132.886171340942,47.0128059387207,1719.0,23.5064029693604,3533.0,3439.0,131994.0,45.152.45.230,Warsaw,Poland,0,365,305220,Other
3580,3808,tripadvisor.com,1143.96595954895,133.754253387451,297.0,66.8771266937256,1804.0,912.0,392341.0,45.152.45.230,Warsaw,Poland,0,495,305220,Other
3589,3817,espn.com,85.7791900634766,40.9922599792481,181.0,20.496129989624,2849.0,2155.0,529377.0,45.152.45.230,Warsaw,Poland,0,1131,1469959,Other
3595,3823,gsmarena.com,132.865905761719,37.0080471038818,114.0,18.5040235519409,2400.0,1022.0,75083.0,45.152.45.230,Warsaw,Poland,0,451,1510139,Other
3650,3881,globo.com,555.587768554688,36.7934703826904,275.0,18.3967351913452,24361.0,6339.0,1043145.0,45.152.45.230,Warsaw,Poland,0,26669,24056893,Other
3671,3905,merriam-webster.com,184.782981872559,55.8757781982422,114.0,27.9378890991211,3238.0,708.0,267279.0,185.128.9.194,Lisbon,Portugal,0,2171,5841842,Educational Websites
3674,3908,tripadvisor.com,123.104333877563,66.1540031433106,255.0,33.0770015716553,1589.0,695.0,430170.0,185.128.9.194,Lisbon,Portugal,0,287,305220,Other
3678,3912,cambridge.org,186.017274856567,55.2165508270264,191.0,27.6082754135132,2127.0,1096.0,286056.0,185.128.9.194,Lisbon,Portugal,0,622,586586,Educational Websites
3683,3917,espn.com,187.033653259277,54.2652606964111,362.0,27.1326303482056,3931.0,3115.0,2054017.0,185.128.9.194,Lisbon,Portugal,0,844,2684502,Other
3689,3923,gsmarena.com,217.427968978882,65.1111602783203,113.0,32.5555801391602,2422.0,1277.0,71113.0,185.128.9.194,Lisbon,Portugal,0,1085,2566235,Other
3691,3925,cricbuzz.com,630.881547927856,55.2856922149658,980.0,27.6428461074829,16628.0,1365.0,143424.0,185.128.9.194,Lisbon,Portugal,0,29796,26493110,Other
3692,3926,timeanddate.com,320.920467376709,55.0718307495117,120.0,27.5359153747559,1470.0,601.0,65784.0,185.128.9.194,Lisbon,Portugal,0,600,1056096,Other
3709,3944,nih.gov,565.604448318481,72.4925994873047,635.0,36.2462997436523,6860.0,3164.0,81118.0,185.128.9.194,Lisbon,Portugal,0,23979,12254541,Health and Medical Websites
3716,3951,cnbc.com,481.115579605103,57.0073127746582,169.0,28.5036563873291,1367.0,742.0,2328178.0,185.128.9.194,Lisbon,Portugal,0,194,47939,News Websites
3719,3954,flashscore.com,136.616945266724,55.5806159973145,92.0,27.7903079986572,1496.0,978.0,298162.0,185.128.9.194,Lisbon,Portugal,0,427,292506,Other
3722,3957,speedtest.net,178.619146347046,54.7800064086914,190.0,27.3900032043457,4522.0,873.0,153794.0,185.128.9.194,Lisbon,Portugal,0,4879,11950781,Other
3727,3962,mcdonalds.com,315.754175186157,55.1931858062744,237.0,27.5965929031372,2596.0,1573.0,265421.0,185.128.9.194,Lisbon,Portugal,0,801,3132877,Other
3731,3967,booking.com,315.329551696777,60.4610443115234,491.0,30.2305221557617,2725.0,2583.0,578627.0,185.128.9.194,Lisbon,Portugal,0,433,305220,Other
3735,3972,spanishdict.com,320.525169372559,54.7974109649658,216.0,27.3987054824829,2721.0,476.0,268946.0,185.128.9.194,Lisbon,Portugal,0,1620,1347671,Other
3765,4005,merriam-webster.com,81.6512107849121,36.7305278778076,169.0,18.3652639389038,3621.0,634.0,267543.0,185.225.235.179,Bucharest,Romania,0,1149,1511907,Educational Websites
3767,4007,yelp.com,602.697610855103,97.3296165466309,1105.0,48.6648082733154,9564.0,9431.0,111240.0,185.225.235.179,Bucharest,Romania,0,1384,305220,Other
3772,4012,cambridge.org,431.183099746704,41.6610240936279,194.0,20.830512046814,7207.0,1547.0,285853.0,185.225.235.179,Bucharest,Romania,0,724,586586,Educational Websites
3777,4017,espn.com,104.624509811401,36.4634990692139,476.0,18.2317495346069,7741.0,3049.0,2211079.0,185.225.235.179,Bucharest,Romania,0,3227,6133660,Other
3784,4024,mayoclinic.org,543.63751411438,39.9949550628662,209.0,19.9974775314331,9431.0,1247.0,557851.0,185.225.235.179,Bucharest,Romania,0,2165,8023117,Health and Medical Websites
3786,4026,timeanddate.com,321.152925491333,38.0382537841797,124.0,19.0191268920898,1970.0,668.0,68182.0,185.225.235.179,Bucharest,Romania,0,1339,1056096,Other
3793,4033,healthline.com,87.8734588623047,36.9315147399902,327.0,18.4657573699951,1913.0,1038.0,187709.0,185.225.235.179,Bucharest,Romania,0,441,474071,Health and Medical Websites
3799,4039,livescore.com,135.034561157227,37.1894836425781,67.0,18.5947418212891,6837.0,856.0,387730.0,185.225.235.179,Bucharest,Romania,0,397,598513,Other
3802,4042,ytmp3.cc,661.208391189575,37.1606349945068,227.0,18.5803174972534,5441.0,3380.0,164963.0,185.225.235.179,Bucharest,Romania,0,714,2989452,Other
3810,4051,cnbc.com,402.659177780151,43.2343482971191,285.0,21.6171741485596,1377.0,786.0,2328871.0,185.225.235.179,Bucharest,Romania,0,100,47939,News Websites
3813,4054,flashscore.com,135.54859161377,36.6504192352295,83.0,18.3252096176147,10744.0,10587.0,299359.0,185.225.235.179,Bucharest,Romania,0,980,608409,Other
3816,4057,speedtest.net,253.341197967529,43.3626174926758,215.0,21.6813087463379,2214.0,1046.0,195263.0,185.225.235.179,Bucharest,Romania,0,1077,3157610,Other
3820,4061,vocabulary.com,173.74324798584,62.4029636383057,568.0,31.2014818191528,3169.0,2278.0,45283.0,185.225.235.179,Bucharest,Romania,0,396,1494726,Other
3825,4067,booking.com,80.8084011077881,42.5231456756592,362.0,21.2615728378296,1741.0,1584.0,581082.0,185.225.235.179,Bucharest,Romania,0,292,305220,Other
3826,4068,xhamster.com,81.7806720733643,37.5156402587891,403.0,18.7578201293945,3608.0,1937.0,336113.0,185.225.235.179,Bucharest,Romania,0,496,1510139,Other
3847,4091,akc.org,234.177589416504,36.2813472747803,83.0,18.1406736373901,11143.0,600.0,600424.0,185.225.235.179,Bucharest,Romania,0,13989,27342351,Other
3866,4112,cambridge.org,230.683326721191,46.1618900299072,129.0,23.0809450149536,2080.0,1144.0,286056.0,155.133.70.54,Belgrade,Serbia,0,241,293293,Educational Websites
3877,4123,gsmarena.com,144.098520278931,38.6254787445068,61.0,19.3127393722534,2144.0,944.0,64734.0,155.133.70.54,Belgrade,Serbia,0,384,768113,Other
3879,4125,cricbuzz.com,423.206806182861,38.8948917388916,294.0,19.4474458694458,6269.0,499.0,140984.0,155.133.70.54,Belgrade,Serbia,0,12125,18600531,Other
3880,4126,timeanddate.com,306.867837905884,48.5219955444336,95.0,24.2609977722168,17822.0,615.0,69765.0,155.133.70.54,Belgrade,Serbia,0,2069,3766839,Other
3893,4139,livescore.com,168.09344291687,95.3624248504639,79.0,47.6812124252319,2435.0,979.0,252727.0,155.133.70.54,Belgrade,Serbia,0,2153,2398347,Other
3894,4140,ebay.com,395.215749740601,42.8929328918457,389.0,21.4464664459229,2170.0,1215.0,311678.0,155.133.70.54,Belgrade,Serbia,0,152,341434,E-commerce Platforms
3899,4146,steampowered.com,123.313188552856,39.3056869506836,63.0,19.6528434753418,2254.0,1001.0,501348.0,155.133.70.54,Belgrade,Serbia,0,790,1510139,Other
3907,4154,flashscore.com,149.41143989563,38.5174751281738,86.0,19.2587375640869,1414.0,1107.0,298162.0,155.133.70.54,Belgrade,Serbia,0,1183,1365839,Other
3916,4163,deepl.com,225.488901138306,42.8903102874756,203.0,21.4451551437378,2630.0,1694.0,226212.0,155.133.70.54,Belgrade,Serbia,0,1344,144624,Other
3918,4166,forbes.com,248.619556427002,42.372465133667,70.0,21.1862325668335,16810.0,1286.0,928518.0,155.133.70.54,Belgrade,Serbia,0,40130,36637538,Financial Websites
3934,4184,wellsfargo.com,148.19598197937,40.7683849334717,83.0,20.3841924667358,3781.0,1847.0,131309.0,155.133.70.54,Belgrade,Serbia,0,575,2369161,Other
3960,4212,cambridge.org,633.868932723999,191.714286804199,586.0,95.8571434020996,5332.0,2875.0,286056.0,86.48.10.11,Singapore,Singapore,0,2112,586586,Educational Websites
3993,4246,steampowered.com,384.885787963867,188.36522102356,185.0,94.1826105117798,5472.0,3118.0,493271.0,86.48.10.11,Singapore,Singapore,0,1664,1510139,Other
4008,4261,vocabulary.com,391.204833984375,188.846111297607,1241.0,94.4230556488037,8045.0,4854.0,44883.0,86.48.10.11,Singapore,Singapore,0,12304,11973221,Other
4048,4306,pinterest.com,64.347505569458,25.503396987915,266.0,12.7516984939575,874.0,867.0,260476.0,155.133.64.102,Bratislava,Slovakia,0,122,36841,Social Media Sites
4049,4307,yelp.com,86.2946510314941,26.28493309021,908.0,13.142466545105,2986.0,2606.0,111697.0,155.133.64.102,Bratislava,Slovakia,0,198,305220,Other
4059,4317,espn.com,81.8216800689697,33.1201553344727,198.0,16.5600776672363,5265.0,2415.0,2165864.0,155.133.64.102,Bratislava,Slovakia,0,1366,7475911,Other
4060,4318,linkedin.com,85.8185291290283,24.4007110595703,306.0,12.2003555297852,795.0,569.0,145200.0,155.133.64.102,Bratislava,Slovakia,0,978,6265668,Social Media Sites
4065,4323,gsmarena.com,92.2286510467529,32.5977802276611,32.0,16.2988901138306,1373.0,825.0,66136.0,155.133.64.102,Bratislava,Slovakia,0,377,1510139,Other
4082,4340,ebay.com,370.151996612549,24.3096351623535,310.0,12.1548175811768,1855.0,984.0,313805.0,155.133.64.102,Bratislava,Slovakia,0,73,48818,E-commerce Platforms
4090,4349,nordstrom.com,97.6157188415527,27.0066261291504,214.0,13.5033130645752,634.0,633.0,212937.0,155.133.64.102,Bratislava,Slovakia,0,246,212941,E-commerce Platforms
4092,4351,cnbc.com,352.493762969971,24.6922969818115,254.0,12.3461484909058,1991.0,857.0,2327922.0,155.133.64.102,Bratislava,Slovakia,0,1818,1932005,News Websites
4095,4354,flashscore.com,98.7873077392578,23.9596366882324,56.0,11.9798183441162,10979.0,10849.0,299359.0,155.133.64.102,Bratislava,Slovakia,0,3398,1875249,Other
4102,4361,vocabulary.com,68.7010288238525,26.8235206604004,442.0,13.4117603302002,1936.0,1401.0,44538.0,155.133.64.102,Bratislava,Slovakia,0,3269,10463082,Other
4108,4368,xhamster.com,56.3130378723145,24.9524116516113,490.0,12.4762058258057,3582.0,1847.0,330899.0,155.133.64.102,Bratislava,Slovakia,0,347,1510139,Other
4111,4372,spanishdict.com,291.652679443359,49.4258403778076,470.0,24.7129201889038,1815.0,710.0,268968.0,155.133.64.102,Bratislava,Slovakia,0,1228,4364294,Other
4122,4384,wellsfargo.com,56.7383766174316,24.5304107666016,26.0,12.2652053833008,1889.0,845.0,132009.0,155.133.64.102,Bratislava,Slovakia,0,538,1510139,Other
4124,4386,realtor.com,612.606048583984,24.7933864593506,612.0,12.3966932296753,13042.0,1436.0,969696.0,155.133.64.102,Bratislava,Slovakia,0,53468,42010679,Other
4149,4413,britannica.com,400.683164596558,29.5712947845459,501.0,14.785647392273,7483.0,1088.0,153388.0,195.158.249.203,Ljubljana,Slovenia,0,6185,9849142,Educational Websites
4153,4417,espn.com,103.704452514648,34.174919128418,404.0,17.087459564209,5984.0,2331.0,2191281.0,195.158.249.203,Ljubljana,Slovenia,0,809,4473272,Other
4154,4418,linkedin.com,145.525217056274,29.4437408447266,533.0,14.7218704223633,1381.0,819.0,145170.0,195.158.249.203,Ljubljana,Slovenia,0,501,3132834,Social Media Sites
4160,4424,mayoclinic.org,510.916709899902,33.9717864990234,144.0,16.9858932495117,4473.0,862.0,557851.0,195.158.249.203,Ljubljana,Slovenia,0,2693,11276719,Health and Medical Websites
4162,4426,timeanddate.com,280.387163162231,30.2524566650391,74.0,15.1262283325195,970.0,394.0,65650.0,195.158.249.203,Ljubljana,Slovenia,0,825,2398347,Other
4163,4427,webmd.com,438.15541267395,32.6132774353027,177.0,16.3066387176514,3551.0,962.0,292905.0,195.158.249.203,Ljubljana,Slovenia,0,1214,305220,Health and Medical Websites
4172,4436,thefreedictionary.com,409.890174865723,29.773473739624,181.0,14.886736869812,8042.0,1024.0,192262.0,195.158.249.203,Ljubljana,Slovenia,0,5555,14076119,Educational Websites
4184,4449,nordstrom.com,106.005191802979,29.4737815856934,222.0,14.7368907928467,547.0,547.0,210894.0,195.158.249.203,Ljubljana,Slovenia,0,125,212941,E-commerce Platforms
4186,4451,cnbc.com,398.618221282959,40.5700206756592,207.0,20.2850103378296,980.0,545.0,2328038.0,195.158.249.203,Ljubljana,Slovenia,0,122,47939,News Websites
4189,4454,flashscore.com,97.1190929412842,31.3663482666016,58.0,15.6831741333008,968.0,736.0,298162.0,195.158.249.203,Ljubljana,Slovenia,0,399,768113,Other
4192,4457,speedtest.net,152.899742126465,31.2676429748535,137.0,15.6338214874268,2404.0,629.0,153869.0,195.158.249.203,Ljubljana,Slovenia,0,6006,11877779,Other
4197,4462,mcdonalds.com,270.752668380737,29.1545391082764,79.0,14.5772695541382,3271.0,2238.0,265424.0,195.158.249.203,Ljubljana,Slovenia,0,1900,3438097,Other
4201,4467,booking.com,119.521617889404,39.9854183197021,275.0,19.9927091598511,1611.0,1475.0,592024.0,195.158.249.203,Ljubljana,Slovenia,0,324,305220,Other
4202,4468,xhamster.com,94.9091911315918,31.2864780426025,431.0,15.6432390213013,3296.0,1956.0,325141.0,195.158.249.203,Ljubljana,Slovenia,0,2145,4499591,Other
4216,4484,wellsfargo.com,92.1487808227539,30.0462245941162,39.0,15.0231122970581,1490.0,883.0,132019.0,195.158.249.203,Ljubljana,Slovenia,0,731,2369161,Other
4222,4490,nintendo.com,510.35475730896,37.5888347625732,67.0,18.7944173812866,2074.0,1269.0,769215.0,195.158.249.203,Ljubljana,Slovenia,0,403,305220,Gaming Websites
4223,4491,akc.org,170.290946960449,44.3990230560303,41.0,22.1995115280151,7980.0,628.0,601019.0,195.158.249.203,Ljubljana,Slovenia,0,56791,58335389,Other
4237,4507,yelp.com,752.862453460693,217.873573303223,911.0,108.936786651611,3954.0,3948.0,108942.0,185.203.122.239,Johannesburg,South_Africa,0,3441,4642973,Other
4256,4526,timeanddate.com,872.978925704956,199.231863021851,1043.0,99.6159315109253,25969.0,2590.0,69603.0,185.203.122.239,Johannesburg,South_Africa,0,50525,9651648,Other
4275,4546,steampowered.com,693.2053565979,198.81796836853,213.0,99.4089841842651,4962.0,3087.0,504162.0,185.203.122.239,Johannesburg,South_Africa,0,1872,1510139,Other
4292,4563,deepl.com,862.345218658447,200.896978378296,666.0,100.448489189148,5678.0,4260.0,225992.0,185.203.122.239,Johannesburg,South_Africa,0,817,48208,Other
4347,4623,gsmarena.com,1115.52929878235,273.671627044678,540.0,136.835813522339,9756.0,5396.0,64509.0,160.238.37.106,Seoul,South_Korea,0,4849,2566235,Other
4366,4642,ytmp3.cc,1100.14462471008,273.87809753418,415.0,136.93904876709,7973.0,4014.0,165059.0,160.238.37.106,Seoul,South_Korea,0,28551,15149020,Other
4377,4654,flashscore.com,591.613531112671,274.080038070679,340.0,137.040019035339,5511.0,4163.0,298162.0,160.238.37.106,Seoul,South_Korea,0,2124,768113,Other
4386,4663,deepl.com,1169.4757938385,273.878812789917,931.0,136.939406394959,8482.0,5905.0,226002.0,160.238.37.106,Seoul,South_Korea,0,5100,192832,Other
4390,4668,xhamster.com,588.028907775879,274.466037750244,1008.0,137.233018875122,15335.0,7386.0,332745.0,160.238.37.106,Seoul,South_Korea,0,19936,7176978,Other
4425,4707,yelp.com,140.273571014404,39.9720668792725,598.0,19.9860334396362,2478.0,2472.0,138966.0,155.133.14.108,Madrid,Spain,0,234,305220,Other
4441,4723,gsmarena.com,150.321006774902,39.987325668335,67.0,19.9936628341675,2007.0,929.0,67326.0,155.133.14.108,Madrid,Spain,0,1092,2566235,Other
4457,4739,livescore.com,91.5558338165283,39.9441719055176,42.0,19.9720859527588,1945.0,928.0,258015.0,155.133.14.108,Madrid,Spain,0,1132,2398347,Other
4460,4742,ytmp3.cc,588.2408618927,40.7841205596924,211.0,20.3920602798462,5242.0,3241.0,164963.0,155.133.14.108,Madrid,Spain,0,343,1494726,Other
4471,4754,flashscore.com,94.7389602661133,39.6721363067627,67.0,19.8360681533813,1200.0,845.0,298162.0,155.133.14.108,Madrid,Spain,0,395,292506,Other
4476,4759,unsplash.com,129.387140274048,40.5416488647461,64.0,20.270824432373,2191.0,1992.0,385642.0,155.133.14.108,Madrid,Spain,0,4439,6476566,Other
4484,4768,xhamster.com,88.5820388793945,39.8726463317871,397.0,19.9363231658936,2894.0,1726.0,302435.0,155.133.14.108,Madrid,Spain,0,1479,4499591,Other
4519,4807,yelp.com,97.7590084075928,36.3614559173584,1010.0,18.1807279586792,3129.0,3122.0,130357.0,185.202.237.140,Stockholm,Sweden,0,413,305220,Other
4524,4812,cambridge.org,150.202512741089,36.6489887237549,153.0,18.3244943618774,1401.0,815.0,166434.0,185.202.237.140,Stockholm,Sweden,0,592,586586,Educational Websites
4529,4817,espn.com,87.5380039215088,40.0412082672119,518.0,20.020604133606,3398.0,2489.0,2029826.0,185.202.237.140,Stockholm,Sweden,0,465,1342251,Other
4535,4823,gsmarena.com,138.267755508423,38.0935668945312,60.0,19.0467834472656,2813.0,1037.0,75113.0,185.202.237.140,Stockholm,Sweden,0,440,1510139,Other
4538,4826,timeanddate.com,274.951934814453,37.4462604522705,81.0,18.7231302261353,1481.0,538.0,68029.0,185.202.237.140,Stockholm,Sweden,0,1127,2398347,Other
4551,4839,livescore.com,106.887102127075,45.250415802002,75.0,22.625207901001,1683.0,656.0,221692.0,185.202.237.140,Stockholm,Sweden,0,1588,2398347,Other
4553,4841,pornhub.com,129.555702209473,39.8497581481934,192.0,19.9248790740967,3197.0,1220.0,663735.0,185.202.237.140,Stockholm,Sweden,0,4420,7024173,Other
4554,4842,ytmp3.cc,678.864002227783,63.9822483062744,240.0,31.9911241531372,3294.0,1667.0,164799.0,185.202.237.140,Stockholm,Sweden,0,2575,7766136,Other
4562,4851,cnbc.com,365.336418151855,41.3050651550293,188.0,20.6525325775146,1201.0,573.0,2326468.0,185.202.237.140,Stockholm,Sweden,0,90,47939,News Websites
4565,4854,flashscore.com,82.7734470367432,37.6327037811279,62.0,18.816351890564,1416.0,850.0,298162.0,185.202.237.140,Stockholm,Sweden,0,689,292506,Other
4572,4861,vocabulary.com,88.0177021026611,42.0067310333252,464.0,21.0033655166626,2218.0,1583.0,45239.0,185.202.237.140,Stockholm,Sweden,0,3920,10463082,Other
4577,4867,booking.com,81.5708637237549,39.682149887085,361.0,19.8410749435425,1458.0,1277.0,590677.0,185.202.237.140,Stockholm,Sweden,0,320,305220,Other
4578,4868,xhamster.com,86.3273143768311,39.4484996795654,352.0,19.7242498397827,3967.0,2613.0,327940.0,185.202.237.140,Stockholm,Sweden,0,2139,4499591,Other
4589,4880,hotels.com,82.8287601470947,57.6362609863281,402.0,28.8181304931641,4015.0,3085.0,958892.0,185.202.237.140,Stockholm,Sweden,0,405,83091,Other
4592,4884,wellsfargo.com,111.807584762573,37.3787879943848,34.0,18.6893939971924,121995.0,979.0,132047.0,185.202.237.140,Stockholm,Sweden,0,696,2369161,Other
4594,4886,realtor.com,609.875679016113,42.8249835968018,593.0,21.4124917984009,12800.0,1345.0,953149.0,185.202.237.140,Stockholm,Sweden,0,164046,68052529,Other
4611,4905,merriam-webster.com,58.934211730957,26.7713069915771,40.0,13.3856534957886,3762.0,630.0,265785.0,45.8.149.97,Zürich,Switzerland,0,11280,13209094,Educational Websites
4612,4906,pinterest.com,78.5017013549805,25.4395008087158,245.0,12.7197504043579,1057.0,1051.0,262582.0,45.8.149.97,Zürich,Switzerland,0,696,186621,Social Media Sites
4618,4912,cambridge.org,74.1968154907227,21.4636325836182,117.0,10.7318162918091,1293.0,905.0,286057.0,45.8.149.97,Zürich,Switzerland,0,146,293293,Educational Websites
4623,4917,espn.com,53.7550449371338,56.0526847839356,409.0,28.0263423919678,3210.0,2458.0,1923876.0,45.8.149.97,Zürich,Switzerland,0,1344,2684502,Other
4624,4918,linkedin.com,92.357873916626,48.3942031860352,281.0,24.1971015930176,779.0,533.0,133392.0,45.8.149.97,Zürich,Switzerland,0,1010,6265668,Social Media Sites
4629,4923,gsmarena.com,75.5538940429688,21.0835933685303,30.0,10.5417966842651,1177.0,710.0,64228.0,45.8.149.97,Zürich,Switzerland,0,474,1510139,Other
4633,4927,webmd.com,392.277956008911,22.9134559631348,266.0,11.4567279815674,1561.0,981.0,292904.0,45.8.149.97,Zürich,Switzerland,0,233,558287,Health and Medical Websites
4645,4939,livescore.com,61.0265731811523,22.2406387329102,43.0,11.1203193664551,1484.0,548.0,252830.0,45.8.149.97,Zürich,Switzerland,0,1082,2398347,Other
4647,4941,pornhub.com,78.7844657897949,21.8369960784912,109.0,10.9184980392456,1627.0,966.0,665257.0,45.8.149.97,Zürich,Switzerland,0,1510,6153067,Other
4649,4944,nih.gov,367.751121520996,27.9943943023682,162.0,13.9971971511841,2008.0,737.0,81118.0,45.8.149.97,Zürich,Switzerland,0,2776,4746962,Health and Medical Websites
4659,4954,flashscore.com,51.1422157287598,21.9097137451172,38.0,10.9548568725586,10486.0,10379.0,299359.0,45.8.149.97,Zürich,Switzerland,0,480,595628,Other
4666,4961,vocabulary.com,53.9178848266602,26.6201496124268,416.0,13.3100748062134,1813.0,1330.0,44582.0,45.8.149.97,Zürich,Switzerland,0,1442,6304004,Other
4671,4967,booking.com,93.4221744537354,27.0042419433594,302.0,13.5021209716797,2251.0,1221.0,687628.0,45.8.149.97,Zürich,Switzerland,0,1765,1404575,Other
4672,4968,xhamster.com,54.8214912414551,22.7901935577393,294.0,11.3950967788696,3383.0,1596.0,324825.0,45.8.149.97,Zürich,Switzerland,0,2808,4499591,Other
4678,4975,twitch.tv,68.0043697357178,61.6364479064941,0.0,30.8182239532471,2175.0,749.0,212783.0,45.8.149.97,Zürich,Switzerland,0,408,1493016,Entertainment Websites
4687,4985,expedia.com,95.2613353729248,23.0069160461426,547.0,11.5034580230713,7490.0,2002.0,1470256.0,45.8.149.97,Zürich,Switzerland,0,17389,29296042,Other
4691,4989,nba.com,412.405490875244,21.9314098358154,942.0,10.9657049179077,5062.0,1620.0,593576.0,45.8.149.97,Zürich,Switzerland,0,2042,7608925,Other
4707,5007,yelp.com,785.178422927856,253.64875793457,948.0,126.824378967285,4689.0,4684.0,109948.0,185.213.82.25,Taipei,Taiwan,0,3892,1802645,Other
4712,5012,cambridge.org,935.638666152954,256.510734558105,810.0,128.255367279053,6940.0,4005.0,285856.0,185.213.82.25,Taipei,Taiwan,0,1380,293293,Educational Websites
4736,5036,thefreedictionary.com,1192.47603416443,252.355575561523,515.0,126.177787780762,27543.0,2646.0,192507.0,185.213.82.25,Taipei,Taiwan,0,73151,35527133,Educational Websites
4739,5039,livescore.com,519.597768783569,252.311229705811,255.0,126.155614852905,7851.0,2857.0,252831.0,185.213.82.25,Taipei,Taiwan,0,4187,2398347,Other
4750,5051,cnbc.com,1070.88351249695,263.658046722412,2114.0,131.829023361206,6154.0,3642.0,2326344.0,185.213.82.25,Taipei,Taiwan,0,1308,36568,News Websites
4783,5087,crazygames.com,585.038661956787,255.140781402588,800.0,127.570390701294,9852.0,3668.0,596234.0,185.213.82.25,Taipei,Taiwan,0,26035,20044605,Gaming Websites
4790,5095,stackoverflow.com,952.522039413452,319.211959838867,456.0,159.605979919434,3817.0,3118.0,175936.0,185.213.82.25,Taipei,Taiwan,0,9013,2018765,Other
4835,5141,pornhub.com,543.843030929565,215.908288955688,604.0,107.954144477844,72040.0,6341.0,667778.0,122.155.174.183,Bang Rak,Thailand,0,156475,3377173,Other
4865,5174,dominos.com,1056.46347999573,1232.68461227417,500.0,616.342306137085,8737.0,5287.0,87970.0,122.155.174.183,Bang Rak,Thailand,0,45388,1040368,Other
4874,5184,wellsfargo.com,436.087846755981,196.521520614624,236.0,98.260760307312,7404.0,5309.0,131292.0,122.155.174.183,Bang Rak,Thailand,0,3238,233298,Other
4895,5207,yelp.com,207.970142364502,56.614875793457,851.0,28.3074378967285,2033.0,2026.0,109601.0,195.88.86.3,Istanbul,Turkey,0,567,1510139,Other
4900,5212,cambridge.org,182.729244232178,55.1774501800537,159.0,27.5887250900269,2313.0,1340.0,286060.0,195.88.86.3,Istanbul,Turkey,0,628,586586,Educational Websites
4905,5217,espn.com,172.316312789917,58.9687824249268,623.0,29.4843912124634,19496.0,3440.0,709675.0,195.88.86.3,Istanbul,Turkey,0,13154,15802273,Other
4911,5223,gsmarena.com,200.416564941406,54.4083118438721,96.0,27.204155921936,2108.0,1507.0,64652.0,195.88.86.3,Istanbul,Turkey,0,1046,1802645,Other
4912,5224,mayoclinic.org,679.079055786133,59.619665145874,236.0,29.809832572937,6632.0,1833.0,557851.0,195.88.86.3,Istanbul,Turkey,0,2869,7992048,Health and Medical Websites
4917,5229,whatsapp.com,143.128395080566,81.0337066650391,587.0,40.5168533325195,2371.0,2007.0,258853.0,195.88.86.3,Istanbul,Turkey,0,1756,6261772,Other
4929,5241,pornhub.com,192.45457649231,55.1903247833252,161.0,27.5951623916626,3795.0,2602.0,643140.0,195.88.86.3,Istanbul,Turkey,0,1630,6132377,Other
4931,5244,nih.gov,606.796979904175,126.633644104004,212.0,63.316822052002,12856.0,1279.0,81112.0,195.88.86.3,Istanbul,Turkey,0,4019,6257101,Health and Medical Websites
4933,5246,steampowered.com,184.914112091064,55.1824569702148,79.0,27.5912284851074,2841.0,1333.0,502920.0,195.88.86.3,Istanbul,Turkey,0,596,1510139,Other
4941,5254,flashscore.com,203.81498336792,61.8693828582764,132.0,30.9346914291382,11051.0,10828.0,299359.0,195.88.86.3,Istanbul,Turkey,0,935,303189,Other
4944,5257,speedtest.net,207.326650619507,59.3526363372803,205.0,29.6763181686401,7443.0,948.0,205427.0,195.88.86.3,Istanbul,Turkey,0,13443,13956524,Other
4948,5261,vocabulary.com,171.077966690063,68.9775943756104,224.0,34.4887971878052,3003.0,1790.0,44883.0,195.88.86.3,Istanbul,Turkey,0,1939,4499591,Other
4953,5267,booking.com,189.733028411865,54.6679496765137,390.0,27.3339748382568,2435.0,1550.0,673373.0,195.88.86.3,Istanbul,Turkey,0,2994,6879211,Other
4959,5274,dominos.com,125.261306762695,56.6420555114746,309.0,28.3210277557373,3311.0,531.0,47710.0,195.88.86.3,Istanbul,Turkey,0,364,1494726,Other
4972,5288,digitaltrends.com,172.241449356079,54.7811985015869,87.0,27.3905992507935,15846.0,1259.0,640931.0,195.88.86.3,Istanbul,Turkey,0,38190,28385689,Other
4973,5289,nba.com,522.339105606079,56.8501949310303,1194.0,28.4250974655151,8983.0,2572.0,738709.0,195.88.86.3,Istanbul,Turkey,0,2868,2993013,Other
4987,5305,merriam-webster.com,159.356594085693,49.6923923492432,92.0,24.8461961746216,15339.0,624.0,275756.0,143.244.46.169,Kyiv,Ukraine,0,51232,30135143,Educational Websites
4994,5312,cambridge.org,174.14402961731,43.1621074676514,221.0,21.5810537338257,2422.0,1424.0,286062.0,143.244.46.169,Kyiv,Ukraine,0,266,293293,Educational Websites
4999,5317,espn.com,227.739810943604,48.2046604156494,233.0,24.1023302078247,14787.0,2599.0,1460035.0,143.244.46.169,Kyiv,Ukraine,0,75474,36917305,Other
5005,5323,gsmarena.com,171.440601348877,43.2672500610352,74.0,21.6336250305176,1643.0,1069.0,64576.0,143.244.46.169,Kyiv,Ukraine,0,507,1510139,Other
5006,5324,mayoclinic.org,563.439130783081,43.4262752532959,216.0,21.7131376266479,5761.0,1185.0,557851.0,143.244.46.169,Kyiv,Ukraine,0,1739,8024984,Health and Medical Websites
5008,5326,timeanddate.com,325.007438659668,48.7520694732666,91.0,24.3760347366333,15431.0,548.0,69414.0,143.244.46.169,Kyiv,Ukraine,0,4679,11133411,Other
5024,5342,ytmp3.cc,693.065404891968,43.133020401001,239.0,21.5665102005005,3227.0,1737.0,164547.0,143.244.46.169,Kyiv,Ukraine,0,3890,9307101,Other
5027,5346,steampowered.com,241.405487060547,43.5159206390381,77.0,21.757960319519,2333.0,1183.0,521252.0,143.244.46.169,Kyiv,Ukraine,0,577,1510139,Other
5042,5361,vocabulary.com,118.587970733643,45.0065135955811,213.0,22.5032567977905,4326.0,3050.0,44883.0,143.244.46.169,Kyiv,Ukraine,0,4781,10478495,Other
5047,5367,booking.com,163.13624382019,43.2569980621338,458.0,21.6284990310669,2443.0,1608.0,587677.0,143.244.46.169,Kyiv,Ukraine,0,1620,2852467,Other
5048,5368,xhamster.com,115.308046340942,59.0879917144775,384.0,29.5439958572388,3907.0,1931.0,332961.0,143.244.46.169,Kyiv,Ukraine,0,2204,2979840,Other
5067,5389,nba.com,471.19665145874,43.264627456665,541.0,21.6323137283325,7354.0,1845.0,811211.0,143.244.46.169,Kyiv,Ukraine,0,4198,13379308,Other
5068,5390,nintendo.com,692.109346389771,46.2396144866943,67.0,23.1198072433472,2481.0,1233.0,766648.0,143.244.46.169,Kyiv,Ukraine,0,385,305220,Gaming Websites
5099,5423,gsmarena.com,105.511426925659,30.7083129882812,41.0,15.3541564941406,1208.0,777.0,64552.0,185.183.181.80,London,United_Kingdom,0,1145,4370648,Other
5101,5425,cricbuzz.com,379.570484161377,46.6461181640625,212.0,23.3230590820312,2418.0,397.0,140440.0,185.183.181.80,London,United_Kingdom,0,3814,10013986,Other
5102,5426,timeanddate.com,228.284358978271,32.224178314209,82.0,16.1120891571045,2818.0,678.0,67907.0,185.183.181.80,London,United_Kingdom,0,3837,2398347,Other
5113,5437,xvideos.com,161.501169204712,30.5843353271484,112.0,15.2921676635742,1214.0,882.0,142224.0,185.183.181.80,London,United_Kingdom,0,201,17522,Other
5115,5439,livescore.com,69.9036121368408,36.0894203186035,34.0,18.0447101593018,1547.0,571.0,260477.0,185.183.181.80,London,United_Kingdom,0,537,1056096,Other
5118,5442,ytmp3.cc,640.352964401245,32.6781272888184,193.0,16.3390636444092,4486.0,1467.0,164547.0,185.183.181.80,London,United_Kingdom,0,14228,13519490,Other
5136,5461,vocabulary.com,89.3511772155762,32.5202941894531,373.0,16.2601470947266,2068.0,1446.0,45283.0,185.183.181.80,London,United_Kingdom,0,3871,10463082,Other
5142,5468,xhamster.com,78.7835121154785,32.8261852264404,353.0,16.4130926132202,3242.0,1718.0,302532.0,185.183.181.80,London,United_Kingdom,0,2883,4499591,Other
5157,5485,expedia.com,193.032264709473,82.1640491485596,689.0,41.0820245742798,10065.0,2541.0,1476002.0,185.183.181.80,London,United_Kingdom,0,20990,26067060,Other
5182,5512,cambridge.org,325.299501419067,104.172468185425,295.0,52.0862340927124,3041.0,1622.0,286057.0,185.199.103.148,New York City,United_States,0,1180,586586,Educational Websites
5215,5546,steampowered.com,223.711490631104,103.969097137451,98.0,51.9845485687256,3979.0,1690.0,506144.0,185.199.103.148,New York City,United_States,0,2298,1510139,Other
5220,5551,cnbc.com,231.138944625854,117.259740829468,161.0,58.6298704147339,2354.0,934.0,2239102.0,185.199.103.148,New York City,United_States,0,1313,91372,News Websites
5223,5554,flashscore.com,222.885131835937,104.140520095825,126.0,52.0702600479126,1935.0,1397.0,298162.0,185.199.103.148,New York City,United_States,0,1432,1060552,Other
5236,5568,xhamster.com,219.316720962524,104.681968688965,504.0,52.3409843444824,5021.0,2895.0,338521.0,185.199.103.148,New York City,United_States,0,2786,4792030,Other
5241,5574,dominos.com,374.915838241577,105.176687240601,454.0,52.5883436203003,2479.0,1978.0,136714.0,185.199.103.148,New York City,United_States,0,581,43009,Other
5375,5717,espn.com,342.015743255615,93.4619903564453,522.0,46.7309951782227,15238.0,4335.0,1377339.0,91.239.206.181,Tbilisi,Georgia,0,4608,10869260,Other
5378,5720,espncricinfo.com,992.238998413086,94.4852828979492,147.0,47.2426414489746,3860.0,2303.0,590855.0,91.239.206.181,Tbilisi,Georgia,0,10888,12116904,Other
5381,5723,gsmarena.com,331.895112991333,92.7102565765381,152.0,46.355128288269,27826.0,2109.0,90091.0,91.239.206.181,Tbilisi,Georgia,0,14903,12887954,Other
5383,5725,cricbuzz.com,597.373247146606,96.0547924041748,518.0,48.0273962020874,10318.0,925.0,145850.0,91.239.206.181,Tbilisi,Georgia,0,9784,14010749,Other
5384,5726,timeanddate.com,495.728969573975,92.69118309021,191.0,46.345591545105,20087.0,1090.0,69129.0,91.239.206.181,Tbilisi,Georgia,0,51929,36358378,Other
5386,5728,thesaurus.com,489.639043807983,93.6336517333984,143.0,46.8168258666992,26769.0,1572.0,246371.0,91.239.206.181,Tbilisi,Georgia,0,22689,19454129,Other
5388,5730,rottentomatoes.com,336.125612258911,93.8465595245361,152.0,46.9232797622681,15449.0,1699.0,539577.0,91.239.206.181,Tbilisi,Georgia,0,3358,7735575,Entertainment Websites
5401,5744,nih.gov,799.373149871826,93.2209491729736,254.0,46.6104745864868,13143.0,2084.0,81112.0,91.239.206.181,Tbilisi,Georgia,0,1650,2989452,Health and Medical Websites
5411,5754,flashscore.com,331.32004737854,92.5614833831787,168.0,46.2807416915894,2170.0,1512.0,298162.0,91.239.206.181,Tbilisi,Georgia,0,628,292506,Other
5424,5768,xhamster.com,322.300910949707,97.0919132232666,507.0,48.5459566116333,6448.0,3345.0,309246.0,91.239.206.181,Tbilisi,Georgia,0,839,1510139,Other
5427,5772,spanishdict.com,502.479314804077,93.3730602264404,596.0,46.6865301132202,27031.0,1676.0,283344.0,91.239.206.181,Tbilisi,Georgia,0,14881,13589085,Other
5438,5784,wellsfargo.com,411.527633666992,93.705415725708,141.0,46.852707862854,2850.0,1659.0,131751.0,91.239.206.181,Tbilisi,Georgia,0,943,2369161,Other
5445,5791,akc.org,437.332153320313,93.1437015533447,149.0,46.5718507766724,9103.0,1076.0,601043.0,91.239.206.181,Tbilisi,Georgia,0,23515,36754487,Other
5459,5807,yelp.com,117.697477340698,45.0913906097412,1033.0,22.5456953048706,3289.0,2995.0,128033.0,45.84.39.119,Oslo,Norway,0,286,305220,Other
5464,5812,cambridge.org,126.940965652466,40.2729511260986,208.0,20.1364755630493,1619.0,963.0,286059.0,45.84.39.119,Oslo,Norway,0,502,586586,Educational Websites
5469,5817,espn.com,98.9983081817627,38.1128787994385,434.0,19.0564393997192,3562.0,2738.0,1360602.0,45.84.39.119,Oslo,Norway,0,324,1342251,Other
5470,5818,linkedin.com,186.842203140259,60.9443187713623,348.0,30.4721593856812,1152.0,772.0,133330.0,45.84.39.119,Oslo,Norway,0,1140,6265668,Social Media Sites
5475,5823,gsmarena.com,135.033369064331,38.2561683654785,59.0,19.1280841827393,1889.0,859.0,66499.0,45.84.39.119,Oslo,Norway,0,1088,4078142,Other
5478,5826,timeanddate.com,267.329454421997,38.4747982025146,78.0,19.2373991012573,1117.0,426.0,65860.0,45.84.39.119,Oslo,Norway,0,1020,2398347,Other
5491,5839,livescore.com,125.124216079712,37.9660129547119,47.0,18.983006477356,3330.0,629.0,223639.0,45.84.39.119,Oslo,Norway,0,2660,2398347,Other
5502,5851,cnbc.com,371.54746055603,38.1982326507568,196.0,19.0991163253784,1074.0,543.0,2315215.0,45.84.39.119,Oslo,Norway,0,159,47939,News Websites
5505,5854,flashscore.com,128.62229347229,38.3141040802002,70.0,19.1570520401001,10659.0,10542.0,299359.0,45.84.39.119,Oslo,Norway,0,770,608409,Other
5512,5861,vocabulary.com,103.533983230591,38.5801792144775,166.0,19.2900896072388,1757.0,1298.0,45283.0,45.84.39.119,Oslo,Norway,0,1083,4484178,Other
5518,5868,xhamster.com,82.0379257202148,42.0632362365723,341.0,21.0316181182861,2614.0,1433.0,331990.0,45.84.39.119,Oslo,Norway,0,1196,2989452,Other
5532,5884,wellsfargo.com,109.943628311157,40.8239364624023,34.0,20.4119682312012,1803.0,850.0,131955.0,45.84.39.119,Oslo,Norway,0,519,2369161,Other
